video_id,movie_id,category,dataset,cos_sim_mean_A,APCS_V,APCS_T,average_dynamism,peak_dynamism,combined_dynamism,text_average_dynamism,text_peak_dynamism,text_combined_dynamism,cos_sim_mean_B,rank_A,rank_B,rank_diff,percentile_advantage_A,metric_diff
4k-Relaxation_11-manual,4k-Relaxation,Nature & Scenery,wild5,0.39506298697916664,0.9573492407798768,0.4046873345343663,0.0109104979783296,0.0337970964610576,2.235379721969366,0.6474067780896283,0.7930929798071961,72.02498789484122,0.9838553220033646,211.0,13.0,198.0,-59.1044776119403,-0.5887923350241979
4k-Relaxation_12-clip-6,4k-Relaxation,Nature & Scenery,wild4,0.5304376597222222,0.8139117956161499,0.499964494474956,0.0353481285274028,0.0987496897578239,6.704890914261341,0.5131638410287933,0.6640041300604429,58.85839855446181,0.9621973261237144,57.0,82.0,-25.0,7.462686567164178,-0.4317596664014922
4k-Relaxation_3-clip-4,4k-Relaxation,Nature & Scenery,wild4,0.5970846805555555,0.9350746273994446,0.5262777072719369,0.0191974025219678,0.0390103496611118,2.910387609153986,0.4955125370217626,0.6584945584281451,57.70035477249539,0.9886338114738464,17.0,7.0,10.0,-2.9850746268656714,-0.3915491309182909
4k-Relaxation_4-clip-4,4k-Relaxation,Nature & Scenery,wild5,0.48592801785714285,0.9248968958854676,0.3895898326069239,0.0141364252194762,0.0345823913812637,2.435940830036998,0.6045085889729975,0.8153580517541374,70.99333203635675,0.979919821023941,99.0,22.0,77.0,-22.98507462686567,-0.4939918031667982
AiirSource-Military_0-clip-2,AiirSource-Military,Military,wild5,0.5693413541666666,0.8820241093635559,0.4858746780671366,0.0195928923785686,0.0472312718629837,3.3412082120776176,0.4590776534832756,0.6607389949786793,55.99083242309775,0.9477793872356415,29.0,135.0,-106.0,31.64179104477612,-0.37843803306897483
AiirSource-Military_1-clip-0,AiirSource-Military,Military,wild4,0.481158369047619,0.7458980083465576,0.4312274985715248,0.1150330677628517,0.2766576707363128,19.58453692495823,0.4298828416292934,0.673201499760757,55.15421706950252,0.8568076938390732,104.0,312.0,-208.0,62.089552238805965,-0.3756493247914542
AiirSource-Military_10-clip-0,AiirSource-Military,Military,wild5,0.5106414166666666,0.7883034944534302,0.4958851782054336,0.0497935339808464,0.2316709607839584,14.073224738240242,0.4648154426579446,0.6327141928890808,54.87648177735127,0.9184969589114189,81.0,224.0,-143.0,42.68656716417911,-0.4078555422447523
AiirSource-Military_12-manual,AiirSource-Military,Military,wild4,0.4057022648809524,0.7751417756080627,0.4094523205101733,0.055745679885149,0.2364987879991531,14.612223394215109,0.4905709869216212,0.7468168241069008,61.8693905514261,0.8848234266042709,195.0,289.0,-94.0,28.059701492537314,-0.47912116172331853
AiirSource-Military_2-clip-0,AiirSource-Military,Military,wild5,0.5674024296875,0.8672148585319519,0.4827624545988706,0.0433994121849536,0.0688507482409477,5.612508021295071,0.5089326262614219,0.7766513338802178,64.27919800708199,0.9598776176571846,31.0,96.0,-65.0,19.402985074626866,-0.3924751879696846
AiirSource-Military_3-clip-0,AiirSource-Military,Military,wild5,0.360613421875,0.7633007168769836,0.3872878245470919,0.0968537330627441,0.2861773669719696,19.151555001735687,0.4051138357975788,0.6938080494177735,54.94609426076762,0.8236766755580902,239.0,322.0,-83.0,24.776119402985074,-0.4630632536830902
AiirSource-Military_7-clip-1,AiirSource-Military,Military,wild4,0.5466370357142857,0.8853073716163635,0.5397149890596018,0.0508475713431835,0.1380233168601989,9.443544410169125,0.3020627400816372,0.4792908117805286,39.06767759310829,0.9690099731087685,46.0,54.0,-8.0,2.3880597014925375,-0.4223729373944828
AiirSource-Military_8-clip-1,AiirSource-Military,Military,wild5,0.3553827321428571,0.7597084045410156,0.373162927788323,0.0623604953289032,0.1945099979639053,12.843524664640428,0.4982644851092594,0.797153961186855,64.77092231480572,0.8956694006919861,244.0,272.0,-28.0,8.358208955223882,-0.540286668549129
Army-military-2018_0-clip-8,Army-military-2018,Military,wild5,0.35401045052083335,0.7898465394973755,0.3176189346540017,0.05850725248456,0.1616472154855728,11.00772339850664,0.5169509852673141,0.7972798655225,65.7115425394907,0.9355309903621674,247.0,175.0,72.0,-21.492537313432834,-0.581520539841334
Army-military-2018_1-clip-3,Army-military-2018,Military,wild5,0.5552551119791667,0.8586730360984802,0.5507324438905123,0.0757668614387512,0.1400479674339294,10.790741443634031,0.4448880926868276,0.6198089558796352,53.23485242832314,0.9256267696619034,42.0,207.0,-165.0,49.25373134328358,-0.3703716576827367
Army-military-2018_10-clip-0,Army-military-2018,Military,wild5,0.42991481249999997,0.931833028793335,0.3317629772492383,0.0372612327337265,0.062855064868927,5.005814880132675,0.658660845775349,0.9857163333099574,82.21885895426533,0.9609552249312401,168.0,88.0,80.0,-23.88059701492537,-0.5310404124312401
Army-military-2018_11-clip-4,Army-military-2018,Military,wild5,0.5238659375,0.8509411215782166,0.4359557897461591,0.0409957021474838,0.105509229004383,7.325246557593346,0.521409427964824,0.7091851275875802,61.52972777762022,0.9705577865242958,70.0,48.0,22.0,-6.567164179104477,-0.4466918490242958
Army-military-2018_6-clip-1,Army-military-2018,Military,wild5,0.36018391145833334,0.89609295129776,0.4212968306631939,0.0400852598249912,0.1056200265884399,7.285264320671558,0.5577472332224326,0.8733341894142205,71.55407113183266,0.967602975666523,241.0,61.0,180.0,-53.73134328358209,-0.6074190642081896
Army-military-2018_7-clip-2,Army-military-2018,Military,wild5,0.47825465625,0.9056553840637208,0.4483484741081011,0.048518244177103,0.0934882536530494,7.100324891507626,0.5336247397596439,0.7552015798194298,64.44131597895368,0.9411318227648735,107.0,159.0,-52.0,15.522388059701491,-0.4628771665148735
Army-military-2018_8-clip-73,Army-military-2018,Military,wild4,0.35934547916666665,0.8231157660484314,0.2773843964687968,0.0336644239723682,0.0875005275011062,6.058247573673725,0.5425889022425794,0.8828285852390473,71.27087437408133,0.9875265285372734,242.0,8.0,234.0,-69.85074626865672,-0.6281810493706068
BC-Bushcraft_0-clip-4,BC-Bushcraft,Survival,wild5,0.4153111380208333,0.8861382007598877,0.4905863718912397,0.0442254357039928,0.0962794423103332,7.025243900716305,0.4275515624800914,0.663163176664646,54.53573695723687,0.9582540169358253,189.0,100.0,89.0,-26.56716417910448,-0.542942878914992
BC-Bushcraft_1-clip-8,BC-Bushcraft,Survival,wild5,0.400230494047619,0.8865993022918701,0.4865029381200253,0.0368855856359005,0.0890612006187439,6.29733931273222,0.422171076911232,0.7079860723313145,56.50785746212732,0.959050253033638,205.0,98.0,107.0,-31.94029850746269,-0.558819758986019
BC-Bushcraft_10-clip-8,BC-Bushcraft,Survival,wild4,0.5272772738095238,0.8521266579627991,0.3728196894425529,0.063165359199047,0.148119643330574,10.564250126481056,0.47334113239874015,0.698377146331276,58.58591393650081,0.9516033679246902,65.0,117.0,-52.0,15.522388059701491,-0.4243260941151664
BC-Bushcraft_11-clip-31,BC-Bushcraft,Survival,wild4,0.3078246130952381,0.8582491874694824,0.3758169013172791,0.030839929357171,0.0955560281872749,6.3197978772223,0.5846150698986843,0.857920931396406,72.12680006475452,0.9819455742835999,287.0,16.0,271.0,-80.8955223880597,-0.6741209611883617
BC-Bushcraft_2-clip-2,BC-Bushcraft,Survival,wild4,0.5630107619047618,0.854644238948822,0.4697694582085411,0.0535320863127708,0.1514610201120376,10.249655321240423,0.398042474478782,0.6859775002024859,54.2009987340634,0.9643800780177116,33.0,74.0,-41.0,12.238805970149254,-0.4013693161129498
BC-Bushcraft_3-clip-0,BC-Bushcraft,Survival,wild5,0.4625268359375,0.7527444362640381,0.3788514351999092,0.069925457239151,0.2410522997379303,15.548887848854063,0.4130423031336172,0.6961990561359734,55.462067963479534,0.912853553891182,122.0,235.0,-113.0,33.731343283582085,-0.45032671795368195
BC-Bushcraft_4-clip-4,BC-Bushcraft,Survival,wild5,0.5227687916666667,0.8699104189872742,0.4655918151671138,0.0536004863679409,0.1679606884717941,11.078058741986752,0.4965465176927964,0.7141217535725498,60.53341356326732,0.9269414991140366,73.0,204.0,-131.0,39.1044776119403,-0.4041727074473699
BC-Bushcraft_5-clip-10,BC-Bushcraft,Survival,wild5,0.6254250677083333,0.916705310344696,0.6444070528345757,0.0433462783694267,0.0886614322662353,6.600385531783104,0.383987358863227,0.5968674599963334,49.04274094297803,0.9673163816332817,9.0,63.0,-54.0,16.119402985074625,-0.3418913139249484
BC-Bushcraft_6-clip-0,BC-Bushcraft,Survival,wild5,0.4943508151041667,0.8303011655807495,0.341190621147285,0.0481304563581943,0.2003230452537536,12.4226750805974,0.4923269856368356,0.7782107854227809,63.52688855298082,0.9010283723473549,93.0,260.0,-167.0,49.850746268656714,-0.4066775572431882
BC-Bushcraft_7-clip-2,BC-Bushcraft,Survival,wild5,0.4185947864583333,0.8540472984313965,0.3805683300088005,0.0476108416914939,0.0957402661442756,7.167555391788483,0.5555281274758371,0.8912647076139055,72.33964175448713,0.9701353907585144,183.0,49.0,134.0,-40.0,-0.5515406043001811
BC-Bushcraft_8-clip-6,BC-Bushcraft,Survival,wild5,0.45922338392857137,0.8359025120735168,0.4046879024301977,0.0527440942823886,0.1274953186511993,9.0119706466794,0.4411690150376228,0.6812873945085821,56.12282047731024,0.9482278376817703,127.0,130.0,-3.0,0.8955223880597015,-0.48900445375319895
BC-Bushcraft_9-clip-5,BC-Bushcraft,Survival,wild4,0.4792889861111111,0.838652491569519,0.4843133716504553,0.0727580040693283,0.11961357295513149,9.618578851222992,0.46859144276612524,0.633912216872613,55.12518298193692,0.9142942279577255,106.0,229.0,-123.0,36.71641791044776,-0.43500524184661443
Bertram-Craft_0-clip-8,Bertram-Craft,Survival,wild5,0.5126728333333334,0.8798994421958923,0.4954105550457667,0.0378107912838459,0.0972093120217323,6.751005165278912,0.3751414270268582,0.6244910907942851,49.98162589105717,0.9528611302375793,80.0,112.0,-32.0,9.55223880597015,-0.440188296904246
Bertram-Craft_1-clip-3,Bertram-Craft,Survival,wild5,0.4369003359375,0.7414661645889282,0.3285149253487832,0.0444030277431011,0.228241354227066,13.632219098508358,0.4805131324045322,0.7785351214920161,62.95241269482742,0.950208492577076,160.0,121.0,39.0,-11.641791044776118,-0.513308156639576
Bertram-Craft_10-clip-8,Bertram-Craft,Survival,wild5,0.45989641666666664,0.7610581517219543,0.3913553858126781,0.0670335367321968,0.2889233231544494,17.797842994332314,0.4410161065351857,0.6639222492426148,55.24691778889002,0.9034207314252853,126.0,252.0,-126.0,37.61194029850746,-0.4435243147586187
Bertram-Craft_11-clip-3,Bertram-Craft,Survival,wild5,0.35418650520833334,0.7556173205375671,0.2295888489372263,0.0590808875858783,0.1875553131103515,12.331810034811497,0.454636362081398,0.7831165185020842,61.88764402917412,0.9440132603049278,246.0,152.0,94.0,-28.059701492537314,-0.5898267550965945
Bertram-Craft_12-clip-25,Bertram-Craft,Survival,wild4,0.3657006488095238,0.8538758754730225,0.376782081620123,0.0391831025481224,0.1092475950717926,7.42153488099575,0.5382041898813997,0.7582408377635151,64.82225138224574,0.9309274032711983,233.0,185.0,48.0,-14.328358208955224,-0.5652267544616745
Bertram-Craft_2-clip-3,Bertram-Craft,Survival,wild4,0.31286351190476186,0.7521257400512695,0.2898406069649222,0.0543093755841255,0.1981898248195648,12.624960020184515,0.5550985899248432,0.8680055582055843,71.15520740652137,0.9363785684108734,284.0,172.0,112.0,-33.43283582089553,-0.6235150565061116
Bertram-Craft_3-clip-8,Bertram-Craft,Survival,wild5,0.4246656822916667,0.762471616268158,0.3656081176788437,0.0689574554562568,0.225614309310913,14.728588238358498,0.4071766453468557,0.6861241783951868,54.665041187102126,0.9223930761218071,174.0,215.0,-41.0,12.238805970149254,-0.4977273938301404
Bertram-Craft_4-clip-0,Bertram-Craft,Survival,wild5,0.5762337760416667,0.8452374935150146,0.5231600737115495,0.039287943392992,0.0804870575666427,5.988750047981739,0.4048796432070128,0.6964851639630645,55.06824035850386,0.9555263817310333,27.0,108.0,-81.0,24.17910447761194,-0.3792926056893666
Bertram-Craft_5-clip-33,Bertram-Craft,Survival,wild4,0.6227665059523809,0.8683692812919617,0.5599080799480277,0.0429011657834053,0.1024563834071159,7.267877459526062,0.332996017084302,0.5262400049957016,42.96180110400018,0.9288107976317406,10.0,199.0,-189.0,56.4179104477612,-0.30604429167935965
Bertram-Craft_6-clip-6,Bertram-Craft,Survival,wild5,0.5868598880208333,0.943225085735321,0.5066053969287236,0.0299479085952043,0.0465432815253734,3.8245595060288906,0.4634497494557848,0.6629967360015059,56.322324272864535,0.9745632410049438,20.0,34.0,-14.0,4.179104477611941,-0.3877033529841105
Bertram-Craft_7-clip-6,Bertram-Craft,Survival,wild5,0.4033883359375,0.7292519211769104,0.2919671236540549,0.0505387336015701,0.2117408812046051,13.113980740308762,0.4925617754695586,0.743420538646595,61.79911570580769,0.9114748388528824,198.0,239.0,-41.0,12.238805970149254,-0.5080865029153824
Bertram-Craft_8-clip-5,Bertram-Craft,Survival,wild5,0.3430750546875,0.7345002293586731,0.283118733698678,0.0626272708177566,0.275637537240982,16.913240402936935,0.4968158833229205,0.8046077860837587,65.07118347033396,0.919855497777462,258.0,221.0,37.0,-11.044776119402986,-0.576780443089962
Bertram-Craft_9-clip-11,Bertram-Craft,Survival,wild5,0.4301150390625,0.9036064743995668,0.360236376422219,0.0139954546466469,0.0313837490975856,2.2689601872116327,0.5860424295209339,0.854862075195314,72.0452252358124,0.9730057790875435,166.0,39.0,127.0,-37.91044776119403,-0.5428907400250436
Chad-Zuber_0-clip-1,Chad-Zuber,Survival,wild5,0.4381839791666666,0.7929497957229614,0.4030349489807526,0.0536673516035079,0.219491422176361,13.657938688993454,0.5276812736470634,0.7348460995511156,63.12636865990895,0.9121343940496445,158.0,237.0,-79.0,23.582089552238806,-0.47395041488297784
Chad-Zuber_1-clip-10,Chad-Zuber,Survival,wild5,0.4702642213541667,0.8215718865394592,0.5909689539031262,0.0681438371539115,0.1917338073253631,12.993882223963736,0.3681904501896456,0.5468713582660083,45.75309042278269,0.8080153241753578,119.0,327.0,-208.0,62.089552238805965,-0.33775110282119114
Chad-Zuber_10-clip-20,Chad-Zuber,Survival,wild4,0.27814480654761903,0.7676377892494202,0.265166566950123,0.0613009296357631,0.2538869678974151,15.759394876658916,0.5457593710384836,0.8705477819857086,70.81535765120961,0.9536344334483147,308.0,110.0,198.0,-59.1044776119403,-0.6754896269006956
Chad-Zuber_11-clip-1,Chad-Zuber,Survival,wild5,0.5935516015625,0.8812439441680908,0.5148003889814118,0.0565426461398601,0.1204793006181716,8.851097337901592,0.5159799546916499,0.7273685549017697,62.16742547967098,0.9485360234975815,18.0,128.0,-110.0,32.83582089552239,-0.3549844219350815
Chad-Zuber_12-clip-12,Chad-Zuber,Survival,wild5,0.5014738072916667,0.904158055782318,0.4957504973171962,0.0457770302891731,0.0854871496558189,6.563208997249603,0.4263681914069562,0.6588492695299207,54.26087304684385,0.9693954661488533,91.0,52.0,39.0,-11.641791044776118,-0.4679216588571866
Chad-Zuber_2-clip-4,Chad-Zuber,Survival,wild5,0.34756251041666664,0.7226142883300781,0.2313453764108101,0.0703589245676994,0.3438776135444641,20.711826905608177,0.6353603896170573,0.8668459713204892,75.11031804687734,0.8800308480858803,252.0,296.0,-44.0,13.134328358208954,-0.5324683376692136
Chad-Zuber_3-clip-1,Chad-Zuber,Survival,wild5,0.27982549999999995,0.8163568377494812,0.2879674866303532,0.0623818896710872,0.2989806234836578,18.06812565773725,0.5042623034714053,0.8048593429781614,65.45608232247834,0.9228575751185417,307.0,212.0,95.0,-28.35820895522388,-0.6430320751185418
Chad-Zuber_4-clip-2,Chad-Zuber,Survival,wild4,0.3246617261904761,0.7490043044090271,0.279973895418984,0.0870007649064064,0.2930459678173065,19.00233663618565,0.5217579684979928,0.8356641377433134,67.87110531206531,0.8870626240968704,276.0,287.0,-11.0,3.2835820895522385,-0.5624008979063944
Chad-Zuber_5-clip-0,Chad-Zuber,Survival,wild4,0.19290409523809524,0.6616600751876831,0.2366965596717639,0.0981243923306465,0.3215131461620331,20.98187692463398,0.5019316680079876,0.8357488546606826,66.88402613343352,0.8144119828939438,333.0,326.0,7.0,-2.0895522388059704,-0.6215078876558485
Chad-Zuber_6-clip-6,Chad-Zuber,Survival,wild5,0.49186206770833335,0.7579836249351501,0.4865003904220089,0.0727573111653328,0.227814495563507,15.028590336441994,0.209397603009632,0.6854957002978341,44.74466516537331,0.9123887196183205,95.0,236.0,-141.0,42.08955223880597,-0.4205266519099871
Chad-Zuber_7-clip-7,Chad-Zuber,Survival,wild5,0.5039148880208333,0.6909603476524353,0.3937003356100588,0.0753995031118393,0.3018635511398315,18.863152712583545,0.5269271680377886,0.7905928532674048,65.87600106525967,0.9019581899046898,86.0,255.0,-169.0,50.44776119402985,-0.3980433018838565
Chad-Zuber_8-clip-3,Chad-Zuber,Survival,wild5,0.42763670833333334,0.7003219127655029,0.2159891330770469,0.2035459578037262,0.3929197490215301,29.823285341262817,0.5867415847511891,0.9253565339973472,75.60490593742682,0.8005285263061523,170.0,329.0,-159.0,47.462686567164184,-0.372891817972819
Climate-Change_0-clip-4,Climate-Change,Natural Disaster,wild4,0.3466196875,0.7357881665229797,0.3179459611660106,0.0756929814815521,0.2044367492198944,14.006486535072328,0.4400683280718548,0.6783301055117342,55.91992167917946,0.8409215807914734,253.0,317.0,-64.0,19.1044776119403,-0.4943018932914734
Climate-Change_1-clip-10,Climate-Change,Natural Disaster,wild5,0.5024298098958333,0.7731001377105713,0.3772419606546662,0.0805967673659324,0.2376872301101684,15.914199873805046,0.5048430763280713,0.6824996628735676,59.36713696008194,0.8833111375570297,88.0,291.0,-203.0,60.59701492537314,-0.3808813276611964
Climate-Change_10-clip-14,Climate-Change,Natural Disaster,wild5,0.2456230238095238,0.7514759302139282,0.3233731603313425,0.0806417316198349,0.1978645026683807,13.925311714410782,0.46826545620519217,0.7234143504481045,59.58399033266484,0.8180971965193748,323.0,324.0,-1.0,0.2985074626865672,-0.572474172709851
Climate-Change_12-clip-16,Climate-Change,Natural Disaster,wild5,0.385885375,0.7617130279541016,0.42003287217203,0.0901554822921752,0.2130874246358871,15.162145346403122,0.4302763213217728,0.6163643519783584,52.33203366500656,0.8928027972579002,218.0,277.0,-59.0,17.611940298507463,-0.5069174222579003
Climate-Change_2-clip-4,Climate-Change,Natural Disaster,wild4,0.2866831279761905,0.7666573524475098,0.3105530679485245,0.0831717029213905,0.1821571141481399,13.266440853476524,0.4728333570610908,0.664262877584445,56.85481173227679,0.8901192024350166,303.0,282.0,21.0,-6.26865671641791,-0.6034360744588261
Climate-Change_6-clip-7,Climate-Change,Natural Disaster,wild4,0.42283264285714284,0.7123369574546814,0.3356086497524065,0.1002362221479415,0.2269680649042129,16.360214352607727,0.48463895665115303,0.7164800601175838,60.05595083843684,0.7856608778238297,179.0,332.0,-153.0,45.67164179104478,-0.3628282349666868
Climate-Change_7-clip-3,Climate-Change,Natural Disaster,wild4,0.4229642053571428,0.6875318884849548,0.2609427354911166,0.10137731581926339,0.2751222848892212,18.824980035424232,0.4993862433315233,0.7791370917955288,63.92616675635261,0.8539876863360405,178.0,314.0,-136.0,40.59701492537313,-0.4310234809788977
Climate-Change_8-clip-9,Climate-Change,Natural Disaster,wild5,0.42392833072916664,0.7728027105331421,0.3435488356665832,0.0707756727933883,0.1937712430953979,13.227345794439316,0.4187632845280663,0.6500760935076773,53.44196890178719,0.9289364740252495,176.0,198.0,-22.0,6.567164179104477,-0.5050081432960829
Dan-Robinson_0-clip-2,Dan-Robinson,Natural Disaster,wild5,0.5074612083333333,0.9383230209350586,0.5306225697435416,0.0201191864907741,0.069030225276947,4.457470588386059,0.4540113512993289,0.7560834392218794,60.50473952606041,0.9719788581132889,83.0,43.0,40.0,-11.940298507462686,-0.4645176497799556
Dan-Robinson_1-clip-2,Dan-Robinson,Natural Disaster,wild5,0.5304319947916667,0.833074688911438,0.3559860816935816,0.0370158068835735,0.1148726940155029,7.594425044953823,0.5205414527207384,0.7889874811867154,65.47644669537269,0.9863656312227249,58.0,10.0,48.0,-14.328358208955224,-0.4559336364310582
Dan-Robinson_10-clip-0,Dan-Robinson,Natural Disaster,wild5,0.4975026223958333,0.926706075668335,0.4798524075907885,0.0166725702583789,0.040463488548994,2.8568029403686523,0.5044309243227713,0.7744219179382187,63.94264211304949,0.9637021347880363,92.0,76.0,16.0,-4.776119402985075,-0.46619951239220303
Dan-Robinson_12-clip-0,Dan-Robinson,Natural Disaster,wild5,0.5239429869791666,0.7856046557426453,0.4956575072381734,0.0891437530517578,0.2047974318265915,14.697059243917463,0.4848605904029513,0.649896973386388,56.73787818946696,0.8550109192728996,69.0,313.0,-244.0,72.83582089552239,-0.331067932293733
Dan-Robinson_3-clip-3,Dan-Robinson,Natural Disaster,wild4,0.5089695178571428,0.9067633748054504,0.4774579560497029,0.0371748730540275,0.1042282730340957,7.070157304406166,0.452129073312919,0.6055014050190611,52.88152391659901,0.9363844245672226,82.0,171.0,-89.0,26.56716417910448,-0.42741490671007976
Dan-Robinson_6-clip-6,Dan-Robinson,Natural Disaster,wild5,0.40176115104166665,0.8339388370513916,0.3988022473488449,0.0897376239299774,0.2055180817842483,14.762785285711288,0.5829172808354874,0.8537136817528193,71.83154812941534,0.9107906520366669,201.0,241.0,-40.0,11.940298507462686,-0.5090295009950002
Dan-Robinson_7-clip-1,Dan-Robinson,Natural Disaster,wild5,0.5158923359375,0.8498542308807373,0.4433946649921561,0.0261775590479373,0.113587275147438,6.988241709768772,0.4901556834951148,0.7101056643932098,60.01306739441623,0.9602480679750443,77.0,92.0,-15.0,4.477611940298507,-0.4443557320375443
Dan-Robinson_9-clip-0,Dan-Robinson,Natural Disaster,wild5,0.65995009375,0.9545596241950988,0.6694305247967812,0.0154930409044027,0.032206654548645,2.384984772652388,0.3348699417826426,0.4626802635858212,39.8775102684232,0.976357713341713,4.0,33.0,-29.0,8.656716417910449,-0.31640761959171293
Disaster-Compilations_0-clip-1,Disaster-Compilations,Natural Disaster,wild5,0.451772734375,0.8118636608123779,0.3919133092910887,0.105843149125576,0.4125885665416717,25.92158578336239,0.5855371051797275,0.8618364291725605,72.3686767176144,0.9218986928462982,135.0,217.0,-82.0,24.47761194029851,-0.47012595847129823
Disaster-Compilations_10-clip-0,Disaster-Compilations,Natural Disaster,wild4,0.3993618869047619,0.761738121509552,0.3520632001557565,0.1039336323738098,0.4198399484157562,26.188679039478306,0.5668778269702812,0.82211849040351,69.44981586868957,0.9411618560552597,207.0,158.0,49.0,-14.626865671641792,-0.5417999691504978
Disaster-Compilations_2-clip-2,Disaster-Compilations,Natural Disaster,wild5,0.4500102005208333,0.8113929033279419,0.4315253037712397,0.0946808382868766,0.4716002345085144,28.31405363976956,0.5515121033632443,0.8289278782074052,69.02199907853247,0.9012501090764999,138.0,257.0,-119.0,35.52238805970149,-0.45123990855566665
Disaster-Compilations_3-clip-2,Disaster-Compilations,Natural Disaster,wild5,0.4495886875,0.7789855003356934,0.3855787996287799,0.1163614466786384,0.4001444578170776,25.825295224785805,0.5247529558426337,0.7386746740186925,63.17138149306631,0.9135465621948242,139.0,232.0,-93.0,27.761194029850746,-0.46395787469482425
Disaster-Compilations_4-clip-2,Disaster-Compilations,Natural Disaster,wild5,0.55824240625,0.7860782146453857,0.464500363157888,0.0731536224484443,0.2652792930603027,16.921645775437355,0.5109893536868548,0.7599670244168215,63.54781890518382,0.9770614355802536,38.0,31.0,7.0,-2.0895522388059704,-0.4188190293302536
Disaster-Compilations_5-clip-0,Disaster-Compilations,Natural Disaster,wild4,0.48583731944444447,0.8317781686782837,0.5944133097293101,0.1072818413376808,0.3889541625976562,24.811800196766853,0.3912342552320682,0.6703165414995343,53.07753983658012,0.8988043442368507,100.0,269.0,-169.0,50.44776119402985,-0.41296702479240627
Disaster-Compilations_6-clip-2,Disaster-Compilations,Natural Disaster,wild5,0.42089859635416665,0.7820623517036438,0.3194252523835418,0.1056520417332649,0.3632912039756775,23.44716228544712,0.5756050537551389,0.8961170136023645,73.58610336787517,0.9010863304138184,180.0,259.0,-79.0,23.582089552238806,-0.4801877340596517
Disaster-Compilations_9-clip-2,Disaster-Compilations,Natural Disaster,wild4,0.5479140178571429,0.8796122074127197,0.5650707988195468,0.0417705774307251,0.093305230140686,6.753790378570557,0.4913455649777371,0.7090368829752524,60.01912239764947,0.9726079851388931,45.0,40.0,5.0,-1.4925373134328357,-0.42469396728175024
Gung-Ho-Vids_0-clip-2,Gung-Ho-Vids,Military,wild4,0.5569644077380952,0.8547369837760925,0.5298364694460365,0.0415382720530033,0.1508151441812515,9.617670811712742,0.3916448839112987,0.6304950533543517,51.106996863282525,0.9675530195236206,39.0,62.0,-23.0,6.865671641791045,-0.4105886117855254
Gung-Ho-Vids_10-clip-0,Gung-Ho-Vids,Military,wild5,0.55894803125,0.7914590835571289,0.4265377309830769,0.0476802065968513,0.1534338444471359,10.055702552199364,0.4649296326560607,0.6543954996467871,55.9662566151424,0.9720547646284103,37.0,41.0,-4.0,1.1940298507462688,-0.4131067333784103
Gung-Ho-Vids_12-clip-1,Gung-Ho-Vids,Military,wild4,0.5425740892857143,0.8795514106750488,0.5361410432811149,0.0305676814168691,0.1009930446743965,6.578036304563284,0.3971763059861579,0.5610597903314558,47.91180481588068,0.9384231939911842,50.0,167.0,-117.0,34.92537313432836,-0.39584910470546997
Gung-Ho-Vids_2-clip-2,Gung-Ho-Vids,Military,wild4,0.44102261309523805,0.7673552632331848,0.4266249564883585,0.0670215338468551,0.2461021393537521,15.656183660030363,0.46756637013744157,0.6960360493930783,58.180120976525984,0.9569648653268814,154.0,104.0,50.0,-14.925373134328357,-0.5159422522316434
Gung-Ho-Vids_3-clip-0,Gung-Ho-Vids,Military,wild5,0.5345123151041666,0.7634809613227844,0.3812982222489005,0.0443373583257198,0.1962090730667114,12.027321569621565,0.5642383089866337,0.7623882206207775,66.33132648037056,0.9314526244997978,54.0,183.0,-129.0,38.50746268656716,-0.3969403093956312
Gung-Ho-Vids_4-clip-0,Gung-Ho-Vids,Military,wild5,0.5612051223958333,0.8076127171516418,0.4035163603213447,0.0338686630129814,0.1486902087926864,9.127943590283394,0.5450827974571237,0.750618443996448,64.78506207267858,0.9800598323345184,34.0,20.0,14.0,-4.179104477611941,-0.4188547099386851
Gung-Ho-Vids_5-clip-2,Gung-Ho-Vids,Military,wild4,0.3248457172619047,0.8129794597625732,0.4007571142511198,0.0672553554177284,0.2591357231140136,16.319553926587105,0.4148411677589237,0.6443455700671082,52.9593368913016,0.9001087844371796,275.0,266.0,9.0,-2.6865671641791042,-0.5752630671752749
Gung-Ho-Vids_6-clip-0,Gung-Ho-Vids,Military,wild5,0.32946136197916664,0.7679389715194702,0.3150912723105544,0.065465472638607,0.2625241279602051,16.399480029940605,0.5812691882010753,0.8105673825123583,69.59182853567168,0.7895427271723747,272.0,330.0,-58.0,17.313432835820898,-0.4600813651932081
Gung-Ho-Vids_8-clip-0,Gung-Ho-Vids,Military,wild4,0.40226945833333333,0.8217728734016418,0.4206155951639842,0.07804886251688,0.1818706393241882,12.995975092053412,0.4672238562928945,0.6637061047204635,56.546498050667914,0.9394028410315514,199.0,165.0,34.0,-10.149253731343283,-0.5371333826982181
Gung-Ho-Vids_9-clip-0,Gung-Ho-Vids,Military,wild5,0.6143220911458334,0.7928444743156433,0.4630090526659313,0.0705772712826728,0.247966468334198,15.927186980843544,0.3518718093111218,0.6296323603691549,49.07520848401384,0.9039863124489784,12.0,251.0,-239.0,71.34328358208955,-0.28966422130314506
Hamiltonville-Farm_0-clip-4,Hamiltonville-Farm,Farming,wild5,0.2943582734375,0.7795056700706482,0.3604753210569709,0.0696912631392479,0.1696815937757492,11.968642845749857,0.5630723238164077,0.8474595333915423,70.52659286039751,0.9224441647529602,297.0,214.0,83.0,-24.776119402985074,-0.6280858913154602
Hamiltonville-Farm_1-clip-4,Hamiltonville-Farm,Farming,wild4,0.29395378869047617,0.7885419130325317,0.3258858276136504,0.0384027920663356,0.07224005460739129,5.532142333686352,0.5165598684312673,0.7882367356423293,65.23983020367983,0.9635621830821037,298.0,78.0,220.0,-65.67164179104478,-0.6696083943916276
Hamiltonville-Farm_10-clip-8,Hamiltonville-Farm,Farming,wild5,0.4741821536458333,0.8413296937942505,0.3001286826309116,0.0507686734199523,0.1107134595513343,8.074106648564339,0.5431778966379848,0.8423427108115972,69.27603037247908,0.971990205347538,115.0,42.0,73.0,-21.791044776119403,-0.49780805170170467
Hamiltonville-Farm_11-clip-0,Hamiltonville-Farm,Farming,wild5,0.47601070052083333,0.8237108588218689,0.3898090331241275,0.0803355574607849,0.245063304901123,16.269943118095398,0.5641931701788395,0.7518712830685946,65.80322266237171,0.9190098866820335,113.0,222.0,-109.0,32.537313432835816,-0.4429991861612002
Hamiltonville-Farm_2-clip-0,Hamiltonville-Farm,Farming,wild4,0.5266637857142857,0.7685985565185547,0.425189428641096,0.0854322761297226,0.2395104020833969,16.247133910655975,0.4549669807643157,0.7488648875755883,60.1915934169952,0.9484073966741562,66.0,129.0,-63.0,18.80597014925373,-0.42174361095987045
Hamiltonville-Farm_3-clip-9,Hamiltonville-Farm,Farming,wild5,0.5829242916666667,0.8113138675689697,0.4907535740578244,0.0679971948266029,0.1949001550674438,13.14486749470234,0.4158985543056545,0.6256466328813045,52.07725935934795,0.8900383040308952,24.0,284.0,-260.0,77.61194029850746,-0.30711401236422853
Hamiltonville-Farm_4-clip-3,Hamiltonville-Farm,Farming,wild5,0.23946815104166663,0.791195809841156,0.3034392781760697,0.0651841238141059,0.1794186234474182,12.23013736307621,0.6404208250213771,0.8648999000296349,75.26603625255059,0.9807655215263367,324.0,19.0,305.0,-91.04477611940298,-0.74129737048467
Hamiltonville-Farm_5-clip-1,Hamiltonville-Farm,Farming,wild5,0.33286069531249995,0.7373361587524414,0.4020378838683437,0.0973657369613647,0.2671662271022796,18.22659820318222,0.4490417223333545,0.7354977396084097,59.22697309708821,0.8805205225944519,268.0,295.0,-27.0,8.059701492537313,-0.547659827281952
Hamiltonville-Farm_6-clip-18,Hamiltonville-Farm,Farming,wild4,0.5283510773809523,0.8329277634620667,0.40536231146292295,0.0615919753909111,0.1954295188188552,12.85107471048832,0.5013774806376577,0.7160094502982025,60.86934654679301,0.963579073548317,62.0,77.0,-15.0,4.477611940298507,-0.43522799616736463
Hamiltonville-Farm_7-clip-15,Hamiltonville-Farm,Farming,wild5,0.3640040442708333,0.8282231688499451,0.3393942737196538,0.0848786160349845,0.2446158677339553,16.474724188447,0.6114845801954407,0.881547355255056,74.65159677252484,0.9475666731595993,234.0,137.0,97.0,-28.955223880597014,-0.583562628888766
Hamiltonville-Farm_8-clip-3,Hamiltonville-Farm,Farming,wild4,0.4495792232142857,0.7824031710624695,0.3514091734436443,0.0669396966695785,0.1893983483314514,12.816902250051498,0.5944633449472162,0.8639593710011544,72.92113579741853,0.9183693081140518,140.0,225.0,-85.0,25.37313432835821,-0.46879008489976615
Hamiltonville-Farm_9-manual,Hamiltonville-Farm,Farming,wild5,0.45185450000000005,0.7028787732124329,0.2366976244515321,0.10111004114151,0.2352684885263443,16.818926483392715,0.4767783967137576,0.8151894342584696,64.59839154861136,0.8652545884251595,134.0,307.0,-173.0,51.64179104477612,-0.4134000884251594
How-Farms-Work_1-clip-8,How-Farms-Work,Farming,wild5,0.22343629166666662,0.7849661111831665,0.2215761600243551,0.0679069086909294,0.1644967049360275,11.620180681347849,0.5487821593535235,0.8657332170394061,70.72576881964648,0.9081092923879623,327.0,247.0,80.0,-23.88059701492537,-0.6846730007212958
How-Farms-Work_10-clip-1,How-Farms-Work,Farming,wild4,0.4442891904761905,0.6990734338760376,0.3074506241186526,0.0725709721446037,0.2495330274105072,16.105199977755547,0.4712618003419231,0.7821658214978623,62.67138109198926,0.9094527661800385,147.0,245.0,-98.0,29.253731343283583,-0.465163575703848
How-Farms-Work_11-clip-1,How-Farms-Work,Farming,wild5,0.6268383098958333,0.8575254082679749,0.6419594919012755,0.0873714163899421,0.2115240097045898,14.9447713047266,0.2892940336293456,0.6538172836076502,47.155565861849794,0.8762349486351013,8.0,300.0,-292.0,87.16417910447761,-0.24939663873926798
How-Farms-Work_3-clip-2,How-Farms-Work,Farming,wild4,0.5038954017857142,0.8410815000534058,0.4784041957838981,0.07479652017354958,0.2085159122943878,14.165621623396872,0.5147769567139934,0.7904607482331704,65.26188524735818,0.9652702510356903,87.0,68.0,19.0,-5.6716417910447765,-0.46137484924997607
How-Farms-Work_4-clip-0,How-Farms-Work,Farming,wild5,0.3915624739583333,0.8021633625030518,0.4127685911520825,0.091229997575283,0.2073137462139129,14.9271871894598,0.4823233573949733,0.7800397484868329,63.11815529409031,0.9404377192258835,215.0,162.0,53.0,-15.82089552238806,-0.5488752452675502
How-Farms-Work_5-clip-0,How-Farms-Work,Farming,wild4,0.2697279097222222,0.7782061696052551,0.280561158187358,0.09002254158258431,0.2523457109928131,17.118412628769875,0.4668054653346067,0.8426327227799856,65.47190940572962,0.861183874309063,311.0,311.0,0.0,0.0,-0.5914559645868407
How-Farms-Work_6-clip-0,How-Farms-Work,Farming,wild5,0.3417382395833333,0.7357559204101562,0.3371526385415848,0.072497546672821,0.3746955692768097,22.359655797481537,0.4842548824865166,0.6826692522995756,58.34620673930462,0.8920905739068985,261.0,278.0,-17.0,5.074626865671641,-0.5503523343235652
How-Farms-Work_8-clip-4,How-Farms-Work,Farming,wild4,0.4701322946428571,0.8060827255249023,0.3630224454144269,0.061800807714462204,0.1515840291976928,10.669241845607758,0.6310790904865884,0.8533947394116455,74.22369149491169,0.9440978094935417,120.0,151.0,-31.0,9.253731343283581,-0.4739655148506846
How-Farms-Work_9-manual,How-Farms-Work,Farming,wild4,0.33373931249999994,0.7758764028549194,0.3044909454810794,0.0962162241339683,0.2422898709774017,16.925304755568504,0.5563244181876212,0.8266605917653975,69.14925049765094,0.8691264912486076,267.0,305.0,-38.0,11.343283582089553,-0.5353871787486078
Joe-Robinet_0-clip-23,Joe-Robinet,Survival,wild4,0.5831331755952381,0.7611013054847717,0.2564052921844539,0.0528894625604152,0.120869405567646,8.687943406403065,0.5257486319885307,0.828820779277346,67.72847056329383,0.9374682158231735,23.0,168.0,-145.0,43.28358208955223,-0.3543350402279354
Joe-Robinet_1-clip-20,Joe-Robinet,Survival,wild5,0.3443469166666666,0.7815340757369995,0.2952242332069061,0.0715188086032867,0.1940469741821289,13.278289139270782,0.598593856826292,0.8919428885163094,74.52683726713008,0.9450112134218216,255.0,149.0,106.0,-31.64179104477612,-0.600664296755155
Joe-Robinet_10-clip-8,Joe-Robinet,Survival,wild5,0.4326685989583333,0.8116893768310547,0.3790380366015092,0.0721802338957786,0.1564954221248626,11.433782801032066,0.5169388378296045,0.7517253006227806,63.433206922619256,0.9446917101740837,164.0,150.0,14.0,-4.179104477611941,-0.5120231112157504
Joe-Robinet_11-clip-2,Joe-Robinet,Survival,wild5,0.45145077343749995,0.8427931070327759,0.3804458792646176,0.0941278487443924,0.1806885749101638,13.740821182727814,0.5643501955981922,0.7941288824973878,67.923953904779,0.9328377619385719,136.0,181.0,-45.0,13.432835820895523,-0.481386988501072
Joe-Robinet_2-clip-5,Joe-Robinet,Survival,wild4,0.4942857380952382,0.8663384318351746,0.4326933088222054,0.05642257630825039,0.0930953100323677,7.475894317030907,0.39326637903190004,0.7512020409708772,57.22342100013886,0.9456327930092812,94.0,147.0,-53.0,15.82089552238806,-0.451347054914043
Joe-Robinet_3-clip-4,Joe-Robinet,Survival,wild5,0.4241312161458334,0.8896773457527161,0.4558558654703962,0.0444768741726875,0.0755671262741088,6.002200022339821,0.5102757886823717,0.7655951314570756,63.79354600697236,0.9490594416856766,175.0,123.0,52.0,-15.522388059701491,-0.5249282255398432
Joe-Robinet_4-clip-0,Joe-Robinet,Survival,wild4,0.4022075922619047,0.8213463425636292,0.3089881099297717,0.0499144084751606,0.1403063982725143,9.511040337383749,0.4868619787691006,0.8177127681603386,65.22873734647196,0.9439981356263161,200.0,153.0,47.0,-14.029850746268657,-0.5417905433644113
Joe-Robinet_5-clip-23,Joe-Robinet,Survival,wild4,0.49004319940476193,0.8344515562057495,0.3826814113737532,0.0665407702326774,0.1676299721002578,11.708537116646768,0.498765560737046,0.718680883710616,60.872322222383104,0.9461529329419136,97.0,144.0,-47.0,14.029850746268657,-0.4561097335371517
Joe-Robinet_6-clip-3,Joe-Robinet,Survival,wild5,0.25021019270833333,0.723929762840271,0.276680839858126,0.0843622311949729,0.2473482489585876,16.585524007678032,0.511949949407188,0.9452095655224824,72.85797574648352,0.9008637517690659,321.0,261.0,60.0,-17.91044776119403,-0.6506535590607325
Joe-Robinet_7-clip-0,Joe-Robinet,Survival,wild5,0.31811969010416663,0.7746779322624207,0.3025378966823833,0.0937163457274437,0.2294782400131225,16.159729287028313,0.506097577265644,0.8022594080574768,65.41784926615604,0.9464081525802612,281.0,142.0,139.0,-41.492537313432834,-0.6282884624760946
Joe-Robinet_8-clip-7,Joe-Robinet,Survival,wild5,0.48665460937500005,0.8306739926338196,0.3437402850693615,0.0563384294509887,0.1462325900793075,10.128550976514816,0.5152867885951735,0.8263146166801988,67.0800702637686,0.9308449923992157,98.0,188.0,-90.0,26.865671641791046,-0.44419038302421565
Joe-Robinet_9-clip-2,Joe-Robinet,Survival,wild5,0.38166729427083335,0.823492169380188,0.3362584722492477,0.0345512442290782,0.0975009351968765,6.602608971297741,0.6039913228267567,0.8577818917239958,73.08866072753763,0.9578763172030449,223.0,101.0,122.0,-36.417910447761194,-0.5762090229322115
John-Suscovich_0-clip-1,John-Suscovich,Farming,wild4,0.36702196428571426,0.8645702004432678,0.3467388639984512,0.0361813157796859,0.0737808048725128,5.49810603260994,0.607602579043161,0.9774183221072432,79.2510450575202,0.9511986747384071,231.0,119.0,112.0,-33.43283582089553,-0.5841767104526929
John-Suscovich_1-clip-0,John-Suscovich,Farming,wild5,0.3342963984375,0.7641709446907043,0.289053484221638,0.0968227088451385,0.2468942403793335,17.185847461223602,0.521979253845557,0.7893311067070432,65.56551802763,0.9605244770646095,265.0,90.0,175.0,-52.23880597014925,-0.6262280786271095
John-Suscovich_10-manual,John-Suscovich,Farming,wild4,0.45848157142857143,0.7847180962562561,0.3624361044317235,0.0693107545375824,0.194118320941925,13.171453773975372,0.5263616922803425,0.8653983807672,69.58800365237711,0.9656189233064651,129.0,66.0,63.0,-18.80597014925373,-0.5071373518778937
John-Suscovich_12-clip-0,John-Suscovich,Farming,wild4,0.34222125,0.8334840536117554,0.4049659425056729,0.0547113008797168,0.243684247136116,14.919777400791643,0.504672744274321,0.7746858342750088,63.96792892746649,0.9003037437796593,260.0,264.0,-4.0,1.1940298507462688,-0.5580824937796593
John-Suscovich_2-clip-3,John-Suscovich,Farming,wild4,0.5020415803571429,0.8158445954322815,0.4561491184078272,0.0421198345720768,0.0926590859889984,6.7389460280537605,0.5049306727048377,0.7224477773730483,61.3689225038943,0.9471524953842163,90.0,139.0,-49.0,14.626865671641792,-0.44511091502707345
John-Suscovich_3-manual,John-Suscovich,Farming,wild4,0.21348730059523804,0.7352400422096252,0.2683192805661567,0.1194507107138633,0.3150422871112823,21.72464989125729,0.6439916161580542,0.9648497717196608,80.44206939388575,0.7875163406133652,331.0,331.0,0.0,0.0,-0.5740290400181272
John-Suscovich_4-clip-0,John-Suscovich,Farming,wild5,0.5666550312499999,0.8301770687103271,0.5000060047419643,0.063469186425209,0.1725203394889831,11.79947629570961,0.5227351503291926,0.7448121272118569,63.37736387705248,0.9411146342754364,32.0,160.0,-128.0,38.2089552238806,-0.37445960302543646
John-Suscovich_5-clip-1,John-Suscovich,Farming,wild5,0.36978764843749995,0.7913743257522583,0.3728413351484496,0.0807870998978614,0.2193009108304977,15.00440053641796,0.5175966009992604,0.7893586221900695,65.3477611594665,0.9679062217473984,228.0,60.0,168.0,-50.14925373134328,-0.5981185733098984
John-Suscovich_6-clip-1,John-Suscovich,Farming,wild5,0.6027835963541667,0.873894453048706,0.6228838860012511,0.0852905362844467,0.1492168307304382,11.725368350744247,0.4432603243268919,0.6368999182377568,54.00801212823243,0.9331361725926399,15.0,180.0,-165.0,49.25373134328358,-0.33035257623847325
John-Suscovich_7-clip-0,John-Suscovich,Farming,wild5,0.3164612473958333,0.7756897211074829,0.357501834377438,0.0913502052426338,0.242390289902687,16.687024757266045,0.5364170476934413,0.7884692362456571,66.24431419695492,0.9348253905773163,283.0,177.0,106.0,-31.64179104477612,-0.618364143181483
John-Suscovich_9-manual,John-Suscovich,Farming,wild5,0.3853523928571429,0.7769545912742615,0.2865576770566714,0.0628079548478126,0.1944924145936966,12.865018472075462,0.5666870740739108,0.7497159257223125,65.82014998981116,0.9360769614577293,219.0,173.0,46.0,-13.73134328358209,-0.5507245686005864
King-Kong-Amazon_0-clip-5,King-Kong-Amazon,Nature & Scenery,wild5,0.4300217942708333,0.9421537518501282,0.5078529132077031,0.0220319554209709,0.0529502220451831,3.749108873307705,0.4531981029696519,0.6602041777397104,55.67011403546811,0.978308379650116,167.0,27.0,140.0,-41.7910447761194,-0.5482865853792827
King-Kong-Amazon_10-clip-13,King-Kong-Amazon,Nature & Scenery,wild5,0.36106900260416663,0.7962425351142883,0.4012067902408854,0.050004206597805,0.1213319227099418,8.566806465387344,0.5442127983882474,0.8388571725802024,69.1534985484225,0.8694294467568398,238.0,304.0,-66.0,19.701492537313435,-0.5083604441526731
King-Kong-Amazon_11-clip-7,King-Kong-Amazon,Nature & Scenery,wild4,0.41826347222222227,0.8666326403617859,0.3032488223993732,0.0319365859031677,0.105730228126049,6.883340701460838,0.6002378026223519,0.8715191041523999,73.5878453387376,0.9707046523690224,184.0,47.0,137.0,-40.8955223880597,-0.5524411801468001
King-Kong-Amazon_12-clip-2,King-Kong-Amazon,Nature & Scenery,wild5,0.7330600963541667,0.906661093235016,0.737205284993232,0.0145780500024557,0.03628945723176,2.543375361710787,0.233914783806507,0.3548599434864591,29.43873636464831,0.9926397874951363,1.0,1.0,0.0,0.0,-0.25957969114096957
King-Kong-Amazon_2-clip-7,King-Kong-Amazon,Nature & Scenery,wild5,0.2988935442708333,0.7859401702880859,0.3289748134548675,0.0617632530629634,0.1946208477020263,12.819205038249493,0.5513584389214419,0.7841647744217415,66.77616066715916,0.9086800441145897,294.0,246.0,48.0,-14.328358208955224,-0.6097864998437563
King-Kong-Amazon_3-clip-9,King-Kong-Amazon,Nature & Scenery,wild5,0.5987226979166667,0.880537748336792,0.5345385907114806,0.0290323328226804,0.0567983426153659,4.291533771902323,0.3829364774046337,0.4991516813874192,44.104407939602645,0.9735393971204758,16.0,37.0,-21.0,6.26865671641791,-0.3748166992038091
King-Kong-Amazon_4-clip-7,King-Kong-Amazon,Nature & Scenery,wild5,0.6464713645833333,0.8544667959213257,0.5790913551215819,0.0362501218914985,0.0673260688781738,5.17880953848362,0.3580534368270053,0.5093340352097078,43.36937360183566,0.9736925140023232,5.0,36.0,-31.0,9.253731343283581,-0.32722114941898983
King-Kong-Amazon_5-clip-14,King-Kong-Amazon,Nature & Scenery,wild4,0.46051544642857145,0.8398683071136475,0.4131252721407855,0.0325516946613788,0.0648497641086578,4.870072938501835,0.5700405019520556,0.8094213430504199,68.97309225012378,0.9652236625552177,124.0,69.0,55.0,-16.417910447761194,-0.5047082161266463
King-Kong-Amazon_6-clip-3,King-Kong-Amazon,Nature & Scenery,wild5,0.6122349166666666,0.838358998298645,0.4546581941496116,0.0365267060697078,0.0954837799072265,6.600524298846722,0.4143289102814889,0.7866251173394075,60.04770138104482,0.9683255106210709,13.0,58.0,-45.0,13.432835820895523,-0.35609059395440423
King-Kong-Amazon_7-clip-3,King-Kong-Amazon,Nature & Scenery,wild5,0.6723558928571428,0.7816413044929504,0.41258613726667254,0.0665488839149475,0.219240665435791,14.289477467536926,0.4592302239739613,0.6839074008098204,57.15688123918908,0.934794619679451,3.0,178.0,-175.0,52.23880597014925,-0.2624387268223082
King-Kong-Amazon_8-clip-2,King-Kong-Amazon,Nature & Scenery,wild5,0.642249296875,0.9244046807289124,0.6432942234119555,0.0372121408581733,0.0791691243648529,5.819063261151314,0.3707649579820853,0.5614400729586394,46.61025154703624,0.9681075513362885,6.0,59.0,-53.0,15.82089552238806,-0.32585825446128847
Military-Archive_1-clip-3,Military-Archive,Military,wild5,0.5235057864583333,0.80361407995224,0.5379528932551776,0.0785952135920524,0.1513640284538269,11.497962102293968,0.4280273180565599,0.6460370256365359,53.7032171846548,0.879038393497467,72.0,297.0,-225.0,67.16417910447761,-0.3555326070391337
Military-Archive_10-clip-4,Military-Archive,Military,wild5,0.5382983385416666,0.8291652798652649,0.4274363639637453,0.0589434541761875,0.2681271731853485,16.3535313680768,0.5631765517448712,0.7776734557030509,67.0425003723961,0.9613164514303207,52.0,87.0,-35.0,10.44776119402985,-0.4230181128886541
Military-Archive_11-clip-0,Military-Archive,Military,wild5,0.4334873255208333,0.9110932350158693,0.3895772425167889,0.0384651608765125,0.0901112854480743,6.428822316229343,0.5799659672406091,0.8381925260273487,70.90792466339789,0.982786200940609,162.0,15.0,147.0,-43.88059701492537,-0.5492988754197756
Military-Archive_5-clip-1,Military-Archive,Military,wild5,0.553562609375,0.7944695949554443,0.4777281254579392,0.0738281086087226,0.2259624600410461,14.98952843248844,0.4834171171330061,0.7007994245975604,59.210827086528326,0.9476938992738724,44.0,136.0,-92.0,27.46268656716418,-0.39413128989887236
Military-Archive_6-clip-0,Military-Archive,Military,wild5,0.4522120238095238,0.8684324026107788,0.40559374864750125,0.0329523384571075,0.1384031772613525,8.567775785923004,0.5481280501023894,0.7384822001998448,64.3305125151117,0.9766707792878151,133.0,32.0,101.0,-30.149253731343283,-0.5244587554782913
Military-Archive_7-clip-4,Military-Archive,Military,wild5,0.53068971875,0.8676689267158508,0.5401881147216473,0.038636140525341,0.0705430209636688,5.458958074450493,0.4509033826811149,0.5872262501365232,51.90648164088191,0.9473610520362854,56.0,138.0,-82.0,24.47761194029851,-0.41667133328628536
Military-Archive_8-clip-0,Military-Archive,Military,wild5,0.47358197135416663,0.779473066329956,0.36300713482223,0.075518749654293,0.2128601223230362,14.418943598866464,0.4548634737644612,0.7235798131676345,58.92216434660479,0.890577606856823,117.0,281.0,-164.0,48.95522388059702,-0.41699563550265634
MilitaryNotes_0-clip-0,MilitaryNotes,Military,wild5,0.4272305625,0.7444210052490234,0.3895003751307321,0.1293315589427948,0.2905452251434326,20.99383920431137,0.40545029564128515,0.8010942294402092,60.32722625407472,0.8890122622251511,172.0,286.0,-114.0,34.02985074626866,-0.46178169972515104
MilitaryNotes_1-clip-0,MilitaryNotes,Military,wild5,0.4391408984375,0.7408430576324463,0.326487328445121,0.0951190218329429,0.2824406027793884,18.87798123061657,0.5296971320260048,0.8289976032722484,67.93473676491266,0.9517144858837128,155.0,115.0,40.0,-11.940298507462686,-0.5125735874462127
MilitaryNotes_10-clip-0,MilitaryNotes,Military,wild4,0.36611269345238096,0.7760475277900696,0.3732404927526987,0.0745299160480499,0.2605230212211609,16.75264686346054,0.5327511831365791,0.7553612590054125,64.40562210709957,0.9287048727273941,232.0,200.0,32.0,-9.55223880597015,-0.5625921792750131
MilitaryNotes_11-clip-1,MilitaryNotes,Military,wild4,0.3272590922619047,0.7566996216773987,0.3088577750781485,0.0993386581540107,0.2781821489334106,18.87604035437107,0.4883355062580354,0.735466351570252,61.19009289141437,0.8815330341458321,274.0,293.0,-19.0,5.6716417910447765,-0.5542739418839273
MilitaryNotes_3-manual,MilitaryNotes,Military,wild5,0.4528785703125,0.8248907327651978,0.4939685052808041,0.0630755946040153,0.1616336107254028,11.23546026647091,0.455192745322015,0.6636007263604385,55.93967358412267,0.9289549961686134,131.0,197.0,-66.0,19.701492537313435,-0.4760764258561134
MilitaryNotes_4-clip-0,MilitaryNotes,Military,wild5,0.5918019479166666,0.8306260108947754,0.5166244349848896,0.0636590272188186,0.1165380403399467,9.00985337793827,0.4341896550148724,0.7999710392574688,61.70803471361707,0.9462367221713066,19.0,143.0,-124.0,37.014925373134325,-0.35443477425464
MilitaryNotes_5-clip-0,MilitaryNotes,Military,wild5,0.4234552916666667,0.8155282735824585,0.4132545008104106,0.0851942598819732,0.2206611931324005,15.292772650718687,0.4253743511100463,0.591296640885827,50.83354959979367,0.9316313490271568,177.0,182.0,-5.0,1.4925373134328357,-0.5081760573604901
MilitaryNotes_6-clip-1,MilitaryNotes,Military,wild5,0.4197492708333333,0.898403525352478,0.4433755648354056,0.0516760312020778,0.1249785423278808,8.832728676497936,0.5310317904596273,0.7112723395744395,62.11520650170335,0.9606679156422615,181.0,89.0,92.0,-27.46268656716418,-0.5409186448089283
MilitaryNotes_8-clip-0,MilitaryNotes,Military,wild4,0.26195956845238094,0.710649847984314,0.2401857642746357,0.0924406498670578,0.3715809285640716,23.20107892155648,0.492703855489574,0.8525771046818543,67.26404800857142,0.8787727504968643,315.0,298.0,17.0,-5.074626865671641,-0.6168131820444833
Millennial-Farmer_0-clip-11,Millennial-Farmer,Farming,wild4,0.3196162232142857,0.7817045450210571,0.2689354086832163,0.1004021614789962,0.298721432685852,19.956179708242416,0.6476456408794988,0.9146752257013334,78.1160433290416,0.8304544240236282,279.0,321.0,-42.0,12.53731343283582,-0.5108382008093426
Millennial-Farmer_1-clip-11,Millennial-Farmer,Farming,wild4,0.5845111547619047,0.6831017732620239,0.2947760742631357,0.1249531432986259,0.3616575896739959,24.330536648631096,0.555500185375312,0.7792981313291537,66.73991583522329,0.8191607892513275,21.0,323.0,-302.0,90.14925373134328,-0.23464963448942278
Millennial-Farmer_10-clip-0,Millennial-Farmer,Farming,wild5,0.3971882976190476,0.7214332818984985,0.2686110261958719,0.1347949355840683,0.3626750111579895,24.87349733710289,0.6034489608273017,0.8030750214761248,70.32619911517133,0.9114070683717728,210.0,240.0,-30.0,8.955223880597014,-0.5142187707527252
Millennial-Farmer_11-clip-4,Millennial-Farmer,Farming,wild5,0.4169581901041667,0.8162677884101868,0.4166659626008887,0.093689776957035,0.2158313691616058,15.476057305932043,0.524733906958878,0.8316545267723002,67.81942168655891,0.8666902631521225,186.0,306.0,-120.0,35.82089552238806,-0.4497320730479558
Millennial-Farmer_12-clip-10,Millennial-Farmer,Farming,wild5,0.31165040885416667,0.8885300159454346,0.3903402982565556,0.0506683699786663,0.0998041480779647,7.523625902831554,0.6259993526928379,0.8013279668612208,71.36636597770294,0.9478089809417725,285.0,134.0,151.0,-45.07462686567164,-0.6361585720876057
Millennial-Farmer_2-clip-3,Millennial-Farmer,Farming,wild5,0.30342557031249995,0.8718234896659851,0.3949775806417108,0.0471141785383224,0.1625335067510604,10.482384264469149,0.5502149393587211,0.8314323643642981,69.08236518615097,0.968719407916069,292.0,56.0,236.0,-70.44776119402985,-0.6652938376035691
Millennial-Farmer_4-clip-4,Millennial-Farmer,Farming,wild5,0.3275474140625,0.813219428062439,0.3318566001257334,0.0765493735671043,0.1831676363945007,12.985850498080254,0.5884953291993331,0.8302524037853761,70.93738664923546,0.8956600278615952,273.0,273.0,0.0,0.0,-0.5681126137990952
Millennial-Farmer_5-clip-3,Millennial-Farmer,Farming,wild5,0.24683183333333333,0.763302743434906,0.2432294474663909,0.0999503210186958,0.2966843843460083,19.831735268235207,0.6661972132900186,0.9452054793972756,80.5701346343647,0.8502522557973862,322.0,315.0,7.0,-2.0895522388059704,-0.6034204224640528
Millennial-Farmer_7-clip-13,Millennial-Farmer,Farming,wild4,0.30475107142857144,0.7217103838920593,0.2878668786428653,0.130221739411354,0.3338196575641632,23.202069848775864,0.6185265100330326,0.8470336737404127,73.27800918867227,0.8309988006949425,289.0,320.0,-31.0,9.253731343283581,-0.526247729266371
Millennial-Farmer_8-clip-16,Millennial-Farmer,Farming,wild4,0.28820834375,0.879616379737854,0.2656875272583794,0.047094278037548,0.1466107368469238,9.685250744223596,0.5984174025693103,0.9299873949714638,76.4202398770387,0.974101260304451,302.0,35.0,267.0,-79.70149253731343,-0.685892916554451
Millennial-Farmer_9-clip-12,Millennial-Farmer,Farming,wild5,0.2586515677083333,0.813624382019043,0.2391827380689552,0.0917906314134597,0.2289550453424453,16.037283837795258,0.6776095010404402,0.9070965880702944,79.23530445553672,0.8993766382336617,316.0,268.0,48.0,-14.328358208955224,-0.6407250705253283
Natural-Disaster_10-clip-0,Natural-Disaster,Natural Disaster,wild4,0.3546182827380952,0.8239194750785828,0.4115677499720753,0.0830223709344863,0.1909260749816894,13.697422295808792,0.5723641770072233,0.7569865564533341,66.46753667302787,0.8900586292147636,245.0,283.0,-38.0,11.343283582089553,-0.5354403464766684
Nick-Gaillard_1-clip-2,Nick-Gaillard,Survival,wild4,0.4329933839285714,0.8760187029838562,0.6079280755094473,0.0392399951815605,0.1495064049959182,9.43732000887394,0.0697908292296147,0.4463594682085393,25.807514871907703,0.9286644235253334,163.0,201.0,-38.0,11.343283582089553,-0.495671039596762
Nick-Gaillard_12-clip-1,Nick-Gaillard,Survival,wild5,0.41312186458333333,0.7968065738677979,0.4257497729487568,0.0517630949616432,0.1629348546266555,10.73489747941494,0.510590241188775,0.7210006378166242,61.579543950269965,0.9096834883093834,191.0,244.0,-53.0,15.82089552238806,-0.49656162372605006
Nick-Gaillard_2-clip-2,Nick-Gaillard,Survival,wild5,0.5563043307291666,0.792273223400116,0.3509457592591404,0.0727568417787551,0.1528680920600891,11.281246691942217,0.4161872402020449,0.7102521472511367,56.32196937265908,0.9303541406989098,40.0,190.0,-150.0,44.776119402985074,-0.37404980996974313
Nick-Gaillard_4-clip-2,Nick-Gaillard,Survival,wild4,0.3697379136904762,0.8214688897132874,0.3542827766678025,0.0646362230181694,0.1883274167776107,12.648181989789007,0.5617818906698051,0.7745848419083761,66.81833662890907,0.898472361266613,229.0,270.0,-41.0,12.238805970149254,-0.5287344475761369
Nick-Gaillard_5-clip-0,Nick-Gaillard,Survival,wild5,0.28114697135416666,0.7102475762367249,0.2553164734009174,0.1611864119768142,0.3272889256477356,24.423766881227493,0.5350622229161938,0.8367572970024232,68.59097599593085,0.814980186522007,306.0,325.0,-19.0,5.6716417910447765,-0.5338332151678403
Nick-Gaillard_9-clip-0,Nick-Gaillard,Survival,wild5,0.39104581510416664,0.7225324511528015,0.2399444120112056,0.0954642817378044,0.2972322702407837,19.634827598929405,0.6085508071594228,0.8437350931259575,72.61429501426902,0.9299982190132141,216.0,191.0,25.0,-7.462686567164178,-0.5389524039090474
Norwegian-Explorer_11-clip-54,Norwegian-Explorer,Nature & Scenery,wild5,0.483600453125,0.8555890917778015,0.4797512206217487,0.0553323738276958,0.1333336681127548,9.433302097022532,0.4481660878221513,0.645833868907204,54.69999783646776,0.9460272118449211,102.0,145.0,-43.0,12.835820895522387,-0.4624267587199211
Norwegian-Explorer_7-clip-0,Norwegian-Explorer,Nature & Scenery,wild5,0.1782466484375,0.7219430804252625,0.433735695097976,0.06861013174057,0.3153244853019714,19.196730852127075,0.0854783910566319,0.7240841220757716,40.47812565662018,0.9313568845391273,334.0,184.0,150.0,-44.776119402985074,-0.7531102361016273
Norwegian-Explorer_8-clip-1,Norwegian-Explorer,Nature & Scenery,wild5,0.44332226041666667,0.8488414287567139,0.4923042002600825,0.0507121942937374,0.1633777916431427,10.704499296844006,0.4974591282281364,0.6812842546552851,58.93716914417107,0.9465955942869186,148.0,141.0,7.0,-2.0895522388059704,-0.503273333870252
Olly's-Farm_0-clip-6,Olly,Farming,wild5,0.27061638020833334,0.8076894879341125,0.3335106416518604,0.0864384546875953,0.1396810263395309,11.305974051356316,0.538382646637641,0.8217999324515942,68.00912895446176,0.880749300122261,310.0,294.0,16.0,-4.776119402985075,-0.6101329199139277
Olly's-Farm_1-clip-5,Olly,Farming,wild4,0.3438953363095238,0.9440311789512634,0.4501896003836113,0.0411187671124935,0.07830117642879479,5.970997177064419,0.6465727399939573,0.8268101949849945,73.66914674894758,0.9656352326273918,257.0,65.0,192.0,-57.3134328358209,-0.621739896317868
Olly's-Farm_10-clip-1,Olly,Farming,wild5,0.5244045364583333,0.8072509169578552,0.4279373795246864,0.0422223024070262,0.1044675186276435,7.334491051733494,0.5133712729737331,0.9354289937400556,72.44001333568943,0.9655756205320358,68.0,67.0,1.0,-0.2985074626865672,-0.44117108407370254
Olly's-Farm_11-clip-1,Olly,Farming,wild5,0.441732578125,0.89981609582901,0.4046485536014327,0.0648111179471015,0.1688128262758255,11.681197211146356,0.5300681785377995,0.7388188346840923,63.4443506610946,0.9488009661436081,151.0,125.0,26.0,-7.761194029850746,-0.5070683880186081
Olly's-Farm_2-clip-8,Olly,Farming,wild5,0.379224953125,0.708103358745575,0.2482784173135427,0.0740172117948532,0.2337178289890289,15.386752039194109,0.6084451041233094,0.8219677641505448,71.52064341369271,0.8847770765423775,226.0,290.0,-64.0,19.1044776119403,-0.5055521234173774
Olly's-Farm_3-clip-3,Olly,Farming,wild5,0.29283778906249996,0.8159957528114319,0.2664008413410915,0.0508914962410926,0.1643036007881164,10.759754851460457,0.6454398363298322,0.8915378229266366,76.84888296282344,0.9188699945807457,299.0,223.0,76.0,-22.686567164179106,-0.6260322055182457
Olly's-Farm_4-clip-5,Olly,Farming,wild5,0.6092229036458333,0.8743900060653687,0.5954349909791588,0.0493126921355724,0.1342779844999313,9.179533831775188,0.392724264976503,0.5831320343290628,48.79281496527829,0.9344840422272682,14.0,179.0,-165.0,49.25373134328358,-0.3252611385814349
Olly's-Farm_5-clip-7,Olly,Farming,wild5,0.5448907526041666,0.8665885925292969,0.478602183556327,0.0714586749672889,0.1727201789617538,12.20894269645214,0.4707766069819819,0.7610063129938616,61.58914599879217,0.9351808950304985,48.0,176.0,-128.0,38.2089552238806,-0.39029014242633187
Olly's-Farm_6-clip-1,Olly,Farming,wild4,0.399060306547619,0.8074521422386169,0.43291296864806866,0.066224493086338,0.2306332439184188,14.842886850237846,0.5428533154443597,0.8489286003668193,69.58909579055894,0.9599024653434753,208.0,95.0,113.0,-33.731343283582085,-0.5608421587958563
Olly's-Farm_7-clip-11,Olly,Farming,wild5,0.3044776223958333,0.8512151837348938,0.3324314979132796,0.0638433843851089,0.1621345281600952,11.298895627260208,0.6095736417816463,0.8547125415904843,73.21430916860653,0.9001379981637001,290.0,265.0,25.0,-7.462686567164178,-0.5956603757678668
Olly's-Farm_8-clip-3,Olly,Farming,wild5,0.30643186197916666,0.7584043145179749,0.3187873960637221,0.0967616215348243,0.2602851986885071,17.852341011166573,0.6108061290051471,0.8701598777353552,74.04830033702513,0.9224739223718643,288.0,213.0,75.0,-22.388059701492537,-0.6160420603926977
Olly's-Farm_9-clip-7,Olly,Farming,wild5,0.3243822734375,0.866753876209259,0.3731504969583269,0.0648201331496238,0.1236211508512497,9.422064200043678,0.5456608742089432,0.7728260655422137,65.92434698755784,0.9408318027853966,277.0,161.0,116.0,-34.626865671641795,-0.6164495293478967
Peterson-Farm-Bros_1-clip-2,Peterson-Farm-Bros,Farming,wild5,0.2894140755208333,0.8704076409339905,0.3989567233177792,0.0330347828567028,0.0939011871814727,6.346798501908779,0.5341949488433261,0.7984173624260309,66.63061556346786,0.9812784865498543,301.0,18.0,283.0,-84.4776119402985,-0.691864411029021
Peterson-Farm-Bros_11-clip-1,Peterson-Farm-Bros,Farming,wild5,0.22176176302083328,0.7541972398757935,0.2345217931757972,0.085246667265892,0.2448009699583053,16.50238186120987,0.6053070529046928,0.894910413937774,75.01087334212335,0.8650516346096992,329.0,308.0,21.0,-6.26865671641791,-0.643289871588866
Peterson-Farm-Bros_3-clip-2,Peterson-Farm-Bros,Farming,wild5,0.4159152265625,0.8653405904769897,0.4045404669495154,0.0312605462968349,0.0673122406005859,4.928639344871044,0.6360273522470185,0.9020085336861386,76.90179429665785,0.937257669866085,187.0,169.0,18.0,-5.3731343283582085,-0.521342443303585
Peterson-Farm-Bros_4-clip-2,Peterson-Farm-Bros,Farming,wild5,0.41947071354166665,0.7392385005950928,0.3235054033290613,0.1133566722273826,0.2394301444292068,17.639340832829475,0.5604532196956967,0.8477416686619024,70.40974441787995,0.9023222401738167,182.0,254.0,-72.0,21.492537313432834,-0.48285152663215003
Peterson-Farm-Bros_5-clip-2,Peterson-Farm-Bros,Farming,wild4,0.27715192559523805,0.8191539645195007,0.3679778060620421,0.0587517395615577,0.1460065245628357,10.237913206219671,0.6104339207653778,0.7577712237344489,68.41025722499133,0.9292536973953247,309.0,195.0,114.0,-34.02985074626866,-0.6521017718000867
Peterson-Farm-Bros_6-clip-4,Peterson-Farm-Bros,Farming,wild4,0.44902121428571423,0.8853301405906677,0.43705855356890283,0.0451518297195434,0.1287725865840912,8.696220815181732,0.5347988076804303,0.7254939947947209,63.01464012375756,0.9241847321391106,143.0,209.0,-66.0,19.701492537313435,-0.47516351785339633
Peterson-Farm-Bros_7-clip-1,Peterson-Farm-Bros,Farming,wild5,0.30372570052083336,0.8074905872344971,0.3159686693732311,0.0570982135832309,0.1706185787916183,11.385839618742466,0.5082018513472571,0.782464324980152,64.53330881637045,0.8993979543447495,291.0,267.0,24.0,-7.164179104477612,-0.5956722538239161
Peterson-Farm-Bros_8-clip-0,Peterson-Farm-Bros,Farming,wild5,0.5806544166666666,0.8736858367919922,0.5451570162367866,0.0470361821353435,0.0964273065328598,7.173174433410168,0.4290790571984674,0.8090375407308159,61.90582989646416,0.961713396012783,25.0,83.0,-58.0,17.313432835820898,-0.38105897934611643
Peterson-Farm-Bros_9-clip-2,Peterson-Farm-Bros,Farming,wild5,0.3412515,0.8685027360916138,0.5447728594724324,0.0369606651365757,0.1181266158819198,7.754364050924778,0.3740074888052514,0.665551483205491,51.97794860053712,0.9299143925309181,262.0,192.0,70.0,-20.8955223880597,-0.5886628925309181
Primal-Earth-Sounds_0-clip-44,Primal-Earth-Sounds,Nature & Scenery,wild4,0.26272759027777776,0.7456324100494385,0.3092396521645289,0.046652078628540004,0.2009417414665222,12.379691004753113,0.6578827625138666,0.82894137805059,74.34120702822284,0.9730444028973579,314.0,38.0,276.0,-82.38805970149254,-0.7103168126195802
Primal-Earth-Sounds_11-clip-7,Primal-Earth-Sounds,Nature & Scenery,wild5,0.3681061197916667,0.7809750437736511,0.4620421510617947,0.0244715344160795,0.1259837448596954,7.522763963788748,0.470316740533914,0.6689259405517629,56.96213405428384,0.9777852445840836,230.0,28.0,202.0,-60.298507462686565,-0.6096791247924169
Primal-Earth-Sounds_3-clip-48,Primal-Earth-Sounds,Nature & Scenery,wild5,0.3941315625,0.8647375106811523,0.398598419065803,0.0167810320854187,0.0227118879556655,1.9746460020542145,0.6304228574963,0.8426602447000843,73.65415510981921,0.9630986675620079,213.0,79.0,134.0,-40.0,-0.568967105062008
Primal-Earth-Sounds_4-clip-30,Primal-Earth-Sounds,Nature & Scenery,wild5,0.40160485416666664,0.7983465194702148,0.4471451702544812,0.0340658202767372,0.0837746709585189,5.89202456176281,0.4791808010832478,0.6423451625380775,56.07629818106626,0.9033615738153458,202.0,253.0,-51.0,15.223880597014924,-0.5017567196486792
Primal-Earth-Sounds_5-clip-20,Primal-Earth-Sounds,Nature & Scenery,wild5,0.4065827321428571,0.7221952676773071,0.4608814554782993,0.0366229861974716,0.1835265457630157,11.007476598024368,0.48300116963725,0.673649335812625,57.83252527249376,0.9847069680690765,194.0,12.0,182.0,-54.328358208955216,-0.5781242359262194
Primal-Earth-Sounds_9-clip-26,Primal-Earth-Sounds,Nature & Scenery,wild4,0.4492365476190476,0.7349312901496887,0.3562418623502497,0.0546653345227241,0.3755225539207458,21.5093944221735,0.4526907368218107,0.7167651114886612,58.47279241552359,0.9585703760385513,141.0,99.0,42.0,-12.53731343283582,-0.5093338284195037
Primitive-Technology_0-clip-0,Primitive-Technology,Survival,wild5,0.2957063671875,0.8127273321151733,0.3199212804613772,0.063407652080059,0.200179174542427,13.179341331124306,0.5227820326743866,0.7399859879004875,63.13840102874371,0.9178035333752632,296.0,227.0,69.0,-20.597014925373134,-0.6220971661877632
Primitive-Technology_1-clip-8,Primitive-Technology,Survival,wild5,0.5292246119791666,0.8415725827217102,0.459398782623053,0.0427199117839336,0.0907076746225357,6.671379320323467,0.4975406959399268,0.7683601740298598,63.295043498489335,0.9791941195726395,61.0,25.0,36.0,-10.746268656716417,-0.4499695075934729
Primitive-Technology_10-clip-3,Primitive-Technology,Survival,wild5,0.35688036979166665,0.8074824810028076,0.3314949141894183,0.0486636087298393,0.1623818576335907,10.5522733181715,0.4579065567305499,0.7839828995699419,62.0944728150246,0.9622034355998039,243.0,81.0,162.0,-48.35820895522388,-0.6053230658081372
Primitive-Technology_11-clip-8,Primitive-Technology,Survival,wild4,0.4588119910714285,0.8262227177619934,0.373067893072575,0.057685624808073,0.1956403255462646,12.666297517716885,0.4498880952807835,0.6912329342910838,57.05605147859336,0.9370730444788933,128.0,170.0,-42.0,12.53731343283582,-0.4782610534074648
Primitive-Technology_12-clip-3,Primitive-Technology,Survival,wild5,0.4568549036458333,0.8680686950683594,0.483957198454263,0.0472262538969516,0.1299653202295303,8.8595787063241,0.4341449783815039,0.6486329284717055,54.13889534266048,0.9651429057121277,130.0,70.0,60.0,-17.91044776119403,-0.5082880020662943
Primitive-Technology_2-clip-2,Primitive-Technology,Survival,wild5,0.43883495833333336,0.8134055137634277,0.30184182961058276,0.0537743084132671,0.1773715615272522,11.557293497025968,0.5683081762282866,0.8815329593853745,72.49205678068304,0.9391659647226334,156.0,166.0,-10.0,2.9850746268656714,-0.5003310063893001
Primitive-Technology_3-clip-1,Primitive-Technology,Survival,wild4,0.5299855267857143,0.8209285140037537,0.5541293801366639,0.0724304616451263,0.2001425325870514,13.628649711608888,0.3588319073984688,0.5214094709848719,44.01206891916704,0.9432096779346466,59.0,154.0,-95.0,28.35820895522388,-0.4132241511489323
Primitive-Technology_5-clip-0,Primitive-Technology,Survival,wild4,0.39267504166666667,0.8346661925315857,0.3294946316924064,0.0608654171228408,0.17921140789985648,12.003841251134872,0.5194523932992567,0.7514469759741456,63.54496846367012,0.9536255821585655,214.0,111.0,103.0,-30.74626865671642,-0.5609505404918989
Primitive-Technology_6-clip-3,Primitive-Technology,Survival,wild4,0.44291169345238096,0.8527113795280457,0.4399689291606884,0.0553690046072006,0.1309974491596222,9.31832268834114,0.38596983337425,0.6033171895200268,49.46435114471384,0.9427923187613487,149.0,155.0,-6.0,1.791044776119403,-0.49988062530896776
Primitive-Technology_7-clip-4,Primitive-Technology,Survival,wild4,0.47669764583333335,0.8210305571556091,0.4736651307766894,0.04486807435750959,0.10172178596258159,7.329493016004562,0.369973683449059,0.596216149086438,48.309491626774864,0.9272231459617615,111.0,202.0,-91.0,27.164179104477608,-0.4505255001284281
Primitive-Technology_8-clip-1,Primitive-Technology,Survival,wild5,0.5732339296875,0.8828151822090149,0.4715872410673515,0.0407707579433918,0.1088147759437561,7.479276694357395,0.4145003296802437,0.6113675517054664,51.29339406928551,0.9551957324147224,28.0,109.0,-81.0,24.17910447761194,-0.38196180272722247
Primitive-Technology_9-clip-5,Primitive-Technology,Survival,wild5,0.43725147619047616,0.8114306330680847,0.3089165793326926,0.052578181028366,0.2093730419874191,13.09756115078926,0.4866766729084399,0.765339830637244,62.60082517728419,0.8949104025959969,159.0,275.0,-116.0,34.626865671641795,-0.4576589264055207
RealAgriculture_0-clip-1,RealAgriculture,Farming,wild5,0.3706140178571428,0.9244171977043152,0.4306860939167806,0.0355514474213123,0.0687557160854339,5.215358175337315,0.5613983321228732,0.7374409104558903,64.94196212893817,0.9592127278447152,227.0,97.0,130.0,-38.80597014925373,-0.5885987099875725
RealAgriculture_1-clip-0,RealAgriculture,Farming,wild5,0.2521712630208333,0.7314759492874146,0.252148189082878,0.0751079767942428,0.3181451261043548,19.66265514492989,0.6185626430198282,0.9262581033562952,77.24103731880616,0.7646276205778122,320.0,333.0,-13.0,3.880597014925373,-0.5124563575569789
RealAgriculture_11-clip-1,RealAgriculture,Farming,wild5,0.21967071093749999,0.8616132140159607,0.2151434457235998,0.0327926501631736,0.0642874017357826,4.854002594947815,0.7565984142203627,1.0085081873045072,88.25533007624348,0.9498005956411362,330.0,122.0,208.0,-62.089552238805965,-0.7301298847036362
RealAgriculture_12-clip-1,RealAgriculture,Farming,wild5,0.3827894140625,0.8466970324516296,0.3389899708858949,0.0379001386463642,0.1461108028888702,9.200547076761724,0.5980006063038267,0.8275657065256106,71.27831564147186,0.9357554316520691,222.0,174.0,48.0,-14.328358208955224,-0.5529660175895691
RealAgriculture_2-manual,RealAgriculture,Farming,wild5,0.14500779166666664,0.8289706707000732,0.219831037564704,0.042311742901802,0.2283757925033569,13.53437677025795,0.7675809129169148,0.941971983711385,85.47764483141499,0.992181658744812,335.0,3.0,332.0,-99.1044776119403,-0.8471738670781453
RealAgriculture_4-clip-0,RealAgriculture,Farming,wild5,0.2554882552083333,0.5889368653297424,0.2676817068791448,0.1320579349994659,0.4908090233802795,31.14334791898728,0.6416560733194621,0.9128045377929,77.7230305556181,0.7611983418464661,318.0,334.0,-16.0,4.776119402985075,-0.5057100866381328
RealAgriculture_5-clip-0,RealAgriculture,Farming,wild5,0.34110144531250003,0.7210714221000671,0.4469914315839116,0.0706018581986427,0.3832003176212311,22.69010879099369,0.520414845313366,0.6865154522602274,60.34651487867967,0.926372803747654,263.0,205.0,58.0,-17.313432835820898,-0.5852713584351539
RealAgriculture_6-clip-0,RealAgriculture,Farming,wild5,0.4769235357142857,0.8315427899360657,0.3444265767048055,0.0463148839771747,0.11127034574747079,7.879261486232281,0.149634015877704,0.7997607441996273,47.46973800386657,0.9262271821498871,110.0,206.0,-96.0,28.65671641791045,-0.4493036464356014
RealAgriculture_8-clip-0,RealAgriculture,Farming,wild5,0.30847996093749996,0.9071802496910096,0.3676294712806759,0.0324992053210735,0.1140804886817932,7.328984700143337,0.5580668264653785,0.9035423650195862,73.08045957424824,0.9874244406819344,286.0,9.0,277.0,-82.68656716417911,-0.6789444797444344
RealAgriculture_9-clip-1,RealAgriculture,Farming,wild4,0.47067192857142853,0.9001371264457703,0.355332930057959,0.0331067182123661,0.08827406167984,6.06903899461031,0.6129068819490452,0.8495478785189643,73.12273802340047,0.9796273708343506,118.0,24.0,94.0,-28.059701492537314,-0.5089554422629221
Sandboxx_0-clip-4,Sandboxx,Military,wild4,0.5071409196428571,0.7697538137435913,0.4197193847428661,0.0638940036296844,0.2554681897163391,15.968109667301178,0.3984064710405511,0.7043017404189266,55.13541057297389,0.8854914307594299,84.0,288.0,-204.0,60.895522388059696,-0.3783505111165728
Sandboxx_2-clip-2,Sandboxx,Military,wild5,0.4851265714285714,0.7574344873428345,0.366121601934449,0.1045667007565498,0.3107783198356628,20.76725102961064,0.4602675755568893,0.7559316400064191,60.80996077816542,0.9012121111154556,101.0,258.0,-157.0,46.865671641791046,-0.4160855396868842
Sandboxx_6-clip-0,Sandboxx,Military,wild5,0.2004262317708333,0.6963573098182678,0.2846563443598018,0.1547260582447052,0.3840164840221405,26.937127113342285,0.5675415704551499,0.8785748774004177,72.30582239277838,0.8319240361452103,332.0,319.0,13.0,-3.880597014925373,-0.631497804374377
Sandboxx_7-clip-0,Sandboxx,Military,wild4,0.4154299226190476,0.6994013786315918,0.3730122620531753,0.1326252818107605,0.385058730840683,25.88420063257217,0.4735924298354085,0.7141190486290474,59.38557392322279,0.8628734275698662,188.0,310.0,-122.0,36.417910447761194,-0.4474435049508186
Sandboxx_8-clip-0,Sandboxx,Military,wild5,0.40972303125,0.6663135290145874,0.3412978854869867,0.184118166565895,0.4628483951091766,32.348328083753586,0.4972631879421317,0.9407804115919652,71.90217997670484,0.8891622722148895,193.0,285.0,-92.0,27.46268656716418,-0.47943924096488955
Sandboxx_9-clip-4,Sandboxx,Military,wild4,0.4415731339285714,0.7802935242652893,0.5016767857788541,0.1178705990314483,0.3001778721809387,20.902423560619354,0.38318584371346304,0.7913092302415453,58.72475369775041,0.9015636518597603,152.0,256.0,-104.0,31.044776119402982,-0.4599905179311889
Skip-Talbot_0-clip-9,Skip-Talbot,Natural Disaster,wild5,0.3208121067708333,0.916745126247406,0.4293309462560065,0.0267875604331493,0.0935386344790458,6.01630974560976,0.5788757445906275,0.8306420557655169,70.47589001780722,0.9698443338274956,278.0,50.0,228.0,-68.05970149253731,-0.6490322270566622
Skip-Talbot_10-clip-0,Skip-Talbot,Natural Disaster,wild5,0.7100286901041667,0.8536818027496338,0.6105002740681249,0.0365486852824687,0.1792321950197219,10.78904401510954,0.2510079675227499,0.5193700142949839,38.51889909088669,0.9629091545939445,2.0,80.0,-78.0,23.283582089552237,-0.25288046448977786
Skip-Talbot_11-clip-3,Skip-Talbot,Natural Disaster,wild5,0.3803064244791666,0.8852728605270386,0.3138895421641356,0.0461905263364315,0.1375735998153686,9.188206307590008,0.6627078702411698,0.9225948100349778,79.26513401380738,0.9796592146158218,225.0,23.0,202.0,-60.298507462686565,-0.5993527901366552
Skip-Talbot_12-clip-2,Skip-Talbot,Natural Disaster,wild5,0.47711203125,0.9485508799552916,0.4219030620997197,0.0159031879156827,0.0384031161665916,2.715315204113722,0.5987528979462641,0.7998371247296068,69.92950113379355,0.9906240776181221,109.0,5.0,104.0,-31.044776119402982,-0.5135120463681221
Skip-Talbot_3-clip-9,Skip-Talbot,Natural Disaster,wild5,0.3619069348958333,0.7236301302909851,0.3018424604926797,0.094159260392189,0.3352780640125274,21.471866220235825,0.5648721793898377,0.8182668789365276,69.15695291631828,0.9219410419464111,237.0,216.0,21.0,-6.26865671641791,-0.5600341070505779
Skip-Talbot_6-clip-5,Skip-Talbot,Natural Disaster,wild5,0.5593703958333334,0.9716048836708068,0.503556019950303,0.0113589325919747,0.0222413297742605,1.6800131183117628,0.5402669014832079,0.7294063248652239,63.48366131742159,0.9910220056772232,36.0,4.0,32.0,-9.55223880597015,-0.43165160984388984
Skip-Talbot_9-clip-0,Skip-Talbot,Natural Disaster,wild5,0.42822030729166666,0.8058328628540039,0.4633329561334828,0.0734013766050338,0.2803207337856293,17.686105519533157,0.4973673223008541,0.8382814076302447,66.78243649655494,0.7585603445768356,169.0,335.0,-166.0,49.55223880597015,-0.330340037285169
Survival-Instinct_0-clip-6,Survival-Instinct,Survival,wild5,0.41742014880952377,0.917949676513672,0.4122404637049205,0.0438312366604805,0.1089419648051261,7.6386600732803345,0.5020554658768597,0.7782618818731203,64.015867387499,0.9640239551663399,185.0,75.0,110.0,-32.83582089552239,-0.5466038063568162
Survival-Instinct_1-clip-10,Survival-Instinct,Survival,wild5,0.28223534375,0.827530562877655,0.2660350501549249,0.0532123558223247,0.1138152703642845,8.351381309330463,0.5550395145401773,0.8219959178995342,68.85177162198556,0.9102048054337502,305.0,243.0,62.0,-18.507462686567163,-0.6279694616837501
Survival-Instinct_10-clip-9,Survival-Instinct,Survival,wild5,0.43828597023809523,0.8995409607887268,0.3455797868529839,0.0539429262280464,0.153224840760231,10.358388349413872,0.5580425593003645,0.8493830684524685,70.37128138764164,0.9657214805483818,157.0,64.0,93.0,-27.761194029850746,-0.5274355103102866
Survival-Instinct_11-clip-10,Survival-Instinct,Survival,wild4,0.5608785089285714,0.8439949750900269,0.4272304313199764,0.0509888119995594,0.1612603962421417,10.612460412085056,0.4802463419316627,0.7299883817667914,60.511736184922704,0.9481431990861893,35.0,131.0,-96.0,28.65671641791045,-0.3872646901576179
Survival-Instinct_2-clip-1,Survival-Instinct,Survival,wild4,0.5428676388888888,0.8296723961830139,0.3603122283857249,0.0638357475399971,0.1745506078004837,11.91931776702404,0.4708920279146107,0.7589835863042712,61.493780710944094,0.9560248702764511,49.0,106.0,-57.0,17.01492537313433,-0.41315723138756233
Survival-Instinct_3-clip-7,Survival-Instinct,Survival,wild5,0.29204927604166664,0.8223084807395935,0.3064333055287771,0.0673862621188163,0.2376925945281982,15.253942832350733,0.5411686878795245,0.7457568205795883,64.34627542295563,0.891777828335762,300.0,279.0,21.0,-6.26865671641791,-0.5997285522940954
Survival-Instinct_5-clip-12,Survival-Instinct,Survival,wild5,0.5562212005208333,0.8338040113449097,0.4348929508347963,0.074502095580101,0.1599580198526382,11.723005771636965,0.432887150684984,0.7383890630838346,58.56381068844093,0.8911132887005806,41.0,280.0,-239.0,71.34328358208955,-0.33489208817974725
Survival-Instinct_6-clip-0,Survival-Instinct,Survival,wild5,0.44817946354166666,0.7779096364974976,0.2522427907146002,0.080631211400032,0.2502495050430298,16.54403582215309,0.366242556718131,0.8384183311719445,60.23304439450378,0.9395028352737427,144.0,164.0,-20.0,5.970149253731343,-0.491323371732076
Survival-Instinct_7-clip-8,Survival-Instinct,Survival,wild4,0.4782161220238095,0.8523827195167542,0.3529712673245181,0.0387868955731391,0.096221849322319,6.750437244772911,0.5506066441628984,0.7861578744576933,66.83822593102958,0.9615292847156525,108.0,85.0,23.0,-6.865671641791045,-0.483313162691843
Survival-Instinct_8-clip-4,Survival-Instinct,Survival,wild4,0.5179240386904762,0.8750993609428406,0.4431600455116808,0.0427910238504409,0.1255128979682922,8.41519609093666,0.3993312625074629,0.7303791661337721,56.48552143206176,0.9646800085902214,76.0,73.0,3.0,-0.8955223880597015,-0.4467559698997452
Survival-Instinct_9-clip-2,Survival-Instinct,Survival,wild4,0.39455059821428573,0.7769055962562561,0.3938736896266923,0.079582579433918,0.2256755530834198,15.26290662586689,0.4647903648486409,0.6670968483197949,56.59436065842179,0.910324290394783,212.0,242.0,-30.0,8.955223880597014,-0.5157736921804973
Survival-Skills-Primitive_0-clip-0,Survival-Skills-Primitive,Survival,wild5,0.519256046875,0.8141812682151794,0.3874374056401531,0.0736803486943245,0.1460123807191848,10.984636470675468,0.5891341481699325,0.8601685395805048,72.46513438752187,0.9291396588087082,75.0,196.0,-121.0,36.11940298507463,-0.40988361193370815
Survival-Skills-Primitive_1-clip-7,Survival-Skills-Primitive,Survival,wild5,0.33045452604166664,0.9301387071609496,0.3674798137615042,0.0422538183629512,0.0689648762345314,5.560934729874134,0.6787131874987702,0.9422097714251364,81.04614794619533,0.9691226035356522,271.0,53.0,218.0,-65.07462686567163,-0.6386680774939855
Survival-Skills-Primitive_10-clip-4,Survival-Skills-Primitive,Survival,wild5,0.4913840078125,0.7987648248672485,0.3201683644265064,0.086388312280178,0.207673966884613,14.703113958239555,0.4887189103409406,0.8106215587796746,64.96702345603076,0.9309234768152237,96.0,186.0,-90.0,26.865671641791046,-0.43953946900272367
Survival-Skills-Primitive_11-clip-0,Survival-Skills-Primitive,Survival,wild4,0.25661718452380955,0.8489306569099426,0.2921437816776219,0.0775857046246528,0.1553622484207153,11.64739765226841,0.5916683199701623,0.8499943301339844,72.08313250520733,0.9238158613443375,317.0,211.0,106.0,-31.64179104477612,-0.6671986768205279
Survival-Skills-Primitive_2-clip-2,Survival-Skills-Primitive,Survival,wild5,0.3495730885416667,0.8807018995285034,0.3079226684586726,0.0505374260246753,0.12104032933712,8.578887768089771,0.6097633180356151,0.8539438518317605,73.18535849336878,0.9168408736586571,251.0,228.0,23.0,-6.865671641791045,-0.5672677851169904
Survival-Skills-Primitive_3-clip-0,Survival-Skills-Primitive,Survival,wild4,0.35238460763888885,0.8531401753425598,0.3214747373815401,0.0652207434177398,0.1349936872720718,10.010721534490584,0.5521072702918723,0.8294028424872374,69.07550563895548,0.9556257650256157,248.0,107.0,141.0,-42.08955223880597,-0.6032411573867269
Survival-Skills-Primitive_4-clip-54,Survival-Skills-Primitive,Survival,wild5,0.4116454895833333,0.8607999682426453,0.4453928241558055,0.0567701421678066,0.1180616021156311,8.741587214171886,0.4285142273879109,0.7529668570891331,59.0740542238522,0.924095444381237,192.0,210.0,-18.0,5.3731343283582085,-0.5124499547979038
Survival-Skills-Primitive_5-clip-3,Survival-Skills-Primitive,Survival,wild5,0.48009054687499997,0.8475649952888489,0.4224027098425853,0.0809918493032455,0.15428426861763,11.763805896043776,0.5201047892880051,0.7640842275349126,64.2094508411459,0.9457946345210075,105.0,146.0,-41.0,12.238805970149254,-0.46570408764600757
Survival-Skills-Primitive_6-clip-4,Survival-Skills-Primitive,Survival,wild5,0.4741948541666666,0.786848783493042,0.6194466733151397,0.074831448495388,0.2421833723783493,15.850741043686869,0.0523315794546987,0.4242662605903565,23.82989200225277,0.907996691763401,114.0,248.0,-134.0,40.0,-0.4338018375967344
Survival-Skills-Primitive_7-clip-5,Survival-Skills-Primitive,Survival,wild5,0.5275893359375,0.8460631370544434,0.3971223153979803,0.0790901035070419,0.1510709822177887,11.508054286241531,0.4689049765853312,0.7736649995194562,62.128498805239374,0.9208762422204018,64.0,218.0,-154.0,45.97014925373134,-0.39328690628290175
Survival-Skills-Primitive_8-clip-7,Survival-Skills-Primitive,Survival,wild5,0.5277117083333334,0.8021640181541443,0.3767943386434586,0.0826733857393264,0.1960307955741882,13.935209065675735,0.4573666460538277,0.7824939183567927,61.99302822053102,0.9115111902356148,63.0,238.0,-175.0,52.23880597014925,-0.3837994819022814
TK-Hinshaw_0-clip-0,TK-Hinshaw,Action & Vehicle,wild5,0.4622747057291667,0.8631547093391418,0.4701627552417248,0.0804825350642204,0.159795731306076,12.013913318514824,0.5034812278693157,0.7063287958541,60.49050118617079,0.9298046678304672,123.0,194.0,-71.0,21.19402985074627,-0.46752996210130054
TK-Hinshaw_1-clip-1,TK-Hinshaw,Action & Vehicle,wild5,0.5235891197916667,0.955212414264679,0.5261848815960438,0.0203436966985464,0.0391559787094593,2.9749837704002857,0.5159133150936311,0.7221350973503552,61.90242062219932,0.9858647212386131,71.0,11.0,60.0,-17.91044776119403,-0.46227560144694646
TK-Hinshaw_5-clip-0,TK-Hinshaw,Action & Vehicle,wild4,0.5836668839285715,0.8795279860496521,0.5522620989943392,0.05710535123944279,0.1073547080159187,8.223002962768078,0.4799456189517616,0.6627212144916246,57.13334167216932,0.9520517364144325,22.0,113.0,-91.0,27.164179104477608,-0.36838485248586106
TK-Hinshaw_7-clip-0,TK-Hinshaw,Action & Vehicle,wild4,0.31809370833333334,0.8197945356369019,0.4034609411889376,0.1133441030979156,0.3148792386054992,21.411167085170742,0.5744201665417346,0.798595212536504,68.65076895391194,0.9202046692371368,282.0,220.0,62.0,-18.507462686567163,-0.6021109609038036
The-Flying-Dutchman_4-clip-9,The-Flying-Dutchman,Nature & Scenery,wild5,0.44815435156249994,0.8584280610084534,0.4489025593779216,0.0410163290798664,0.1089208722114563,7.496860064566135,0.5372107121789914,0.736417850601735,63.68142813903632,0.9569839611649513,145.0,102.0,43.0,-12.835820895522387,-0.5088296096024514
The-Flying-Dutchman_5-clip-30,The-Flying-Dutchman,Nature & Scenery,wild5,0.537461755952381,0.8867703080177307,0.4906237095259472,0.0265583451837301,0.0571387037634849,4.184852447360754,0.4773431370830837,0.7173699475395267,59.73565423113052,0.9709452167153358,53.0,44.0,9.0,-2.6865671641791042,-0.43348346076295485
The-Flying-Dutchman_6-clip-7,The-Flying-Dutchman,Nature & Scenery,wild5,0.33252130468749996,0.8712792992591858,0.4563445946335245,0.0373180136084556,0.1000385731458664,6.867829337716103,0.4840431310175365,0.6837684434604344,58.39057872389854,0.9469919577240944,270.0,140.0,130.0,-38.80597014925373,-0.6144706530365944
The-Flying-Dutchman_9-clip-5,The-Flying-Dutchman,Nature & Scenery,wild5,0.4005729036458333,0.8464658260345459,0.3233679182761887,0.0454794093966484,0.095946304500103,7.07128569483757,0.6350848983430902,0.853933364744817,74.45091315439537,0.9400681778788567,204.0,163.0,41.0,-12.238805970149254,-0.5394952742330233
Tornado-Trackers_1-clip-0,Tornado-Trackers,Natural Disaster,wild4,0.4344462083333333,0.8003786206245422,0.422841964779394,0.0737394616007804,0.1544020622968673,11.407076194882393,0.5078660383160969,0.7976670900189574,65.27665641675272,0.8824539110064507,161.0,292.0,-131.0,39.1044776119403,-0.44800770267311735
Tornado-Trackers_10-clip-4,Tornado-Trackers,Natural Disaster,wild4,0.6392187291666668,0.9850730299949646,0.6700481163390982,0.0099260015413165,0.0225217062979936,1.6223853919655085,0.3645719462016747,0.5489769808572909,45.67744635294828,0.9925766289234161,7.0,2.0,5.0,-1.4925373134328357,-0.35335789975674936
Tornado-Trackers_11-clip-1,Tornado-Trackers,Natural Disaster,wild5,0.38100415364583334,0.8524258732795715,0.3791894171162346,0.0513875558972358,0.1228012666106224,8.709441125392914,0.6385689523300382,0.8175390950489418,72.805402368949,0.948610283434391,224.0,126.0,98.0,-29.253731343283583,-0.5676061297885577
Tornado-Trackers_2-clip-2,Tornado-Trackers,Natural Disaster,wild5,0.4152393020833334,0.8480054140090942,0.3996554899252697,0.0678962245583534,0.2033252716064453,13.561074808239937,0.5849483662267095,0.7564194789012276,67.06839225639686,0.9246202930808067,190.0,208.0,-18.0,5.3731343283582085,-0.5093809909974734
Tornado-Trackers_4-clip-4,Tornado-Trackers,Natural Disaster,wild5,0.35215719791666666,0.7730119824409485,0.2954539436988078,0.0476690009236335,0.1931437104940414,12.040635570883753,0.6173970294593105,0.8811917436438401,74.92943865515753,0.9271650388836861,249.0,203.0,46.0,-13.73134328358209,-0.5750078409670194
Tornado-Trackers_5-clip-3,Tornado-Trackers,Natural Disaster,wild5,0.40078460677083333,0.7482824921607971,0.4587891333867873,0.0594692975282669,0.1679685264825821,11.37189120054245,0.4692909552176957,0.7520891557020909,61.06900554598933,0.9008135572075844,203.0,262.0,-59.0,17.611940298507463,-0.500028950436751
Tornado-Trackers_6-clip-2,Tornado-Trackers,Natural Disaster,wild4,0.33431162499999995,0.9065549373626708,0.4263100090296625,0.0262999646365642,0.0989120230078697,6.260599382221699,0.4827431668108883,0.7894602514097838,63.610170911033606,0.9454936161637306,264.0,148.0,116.0,-34.626865671641795,-0.6111819911637306
Tornado-Trackers_7-clip-3,Tornado-Trackers,Natural Disaster,wild5,0.36371268749999996,0.8974976539611816,0.3599850520092905,0.0497334115207195,0.1097769141197204,7.975516282021999,0.6068006483052389,0.84423450601702,72.55175771611295,0.9485726654529572,235.0,127.0,108.0,-32.23880597014925,-0.5848599779529572
Tornado-Trackers_9-clip-1,Tornado-Trackers,Natural Disaster,wild5,0.45057121614583334,0.8478208184242249,0.4564474096343467,0.0392462871968746,0.1118025332689285,7.552441023290157,0.4737228392286716,0.6977073552199653,58.57150972243185,0.9599738568067551,137.0,94.0,43.0,-12.835820895522387,-0.5094026406609218
TreadmillTV_12-manual,TreadmillTV,Nature & Scenery,wild5,0.5023199375,0.9270276427268982,0.5018103129377851,0.0287789031863212,0.0576947480440139,4.323682561516762,0.4932645606727064,0.672790490128122,58.30275254004143,0.981400154531002,89.0,17.0,72.0,-21.492537313432834,-0.479080217031002
TreadmillTV_2-clip-1,TreadmillTV,Nature & Scenery,wild4,0.47374024107142854,0.9007554650306702,0.547398533324246,0.0374934673309326,0.0820938795804977,5.979367345571518,0.4986480187321113,0.6156200470347987,55.713403288345496,0.9603867679834366,116.0,91.0,25.0,-7.462686567164178,-0.48664652691200805
TreadmillTV_3-clip-12,TreadmillTV,Nature & Scenery,wild4,0.4047380694444444,0.9305749535560608,0.3762984494468535,0.030721087008714603,0.0585246086120605,4.462284781038761,0.6613156013123919,0.8910164487564732,77.61660250344326,0.9828728288412094,197.0,14.0,183.0,-54.62686567164179,-0.578134759396765
TreadmillTV_4-clip-5,TreadmillTV,Nature & Scenery,wild5,0.3325346354166666,0.8998807072639465,0.315668584547344,0.0326078608632087,0.0826686024665832,5.763823166489601,0.7226591343629086,0.9713721007950796,84.7015617578994,0.980013057589531,269.0,21.0,248.0,-74.02985074626865,-0.6474784221728643
TreadmillTV_5-clip-7,TreadmillTV,Nature & Scenery,wild5,0.5205378567708333,0.8084461688995361,0.4566821867840661,0.0601115189492702,0.1578585654497146,10.898504219949244,0.4977005711784192,0.681049779796282,58.937517548735066,0.9181118011474609,74.0,226.0,-152.0,45.37313432835821,-0.39757394437662763
TreadmillTV_6-clip-2,TreadmillTV,Nature & Scenery,wild4,0.34252263690476187,0.9499510526657104,0.3685102832791961,0.0276187676936388,0.0560196936130523,4.181923065334559,0.6561394927361616,0.8184792124692636,73.73093526027125,0.9601854160428047,259.0,93.0,166.0,-49.55223880597015,-0.6176627791380429
TreadmillTV_7-clip-15,TreadmillTV,Nature & Scenery,wild5,0.48254420312499996,0.8888519406318665,0.4841851471841523,0.0330634973943233,0.0576192401349544,4.53413687646389,0.4769726968880672,0.7102613782130377,59.36170375505525,0.9707358554005623,103.0,46.0,57.0,-17.01492537313433,-0.4881916522755623
TreadmillTV_9-clip-2,TreadmillTV,Nature & Scenery,wild4,0.4602873839285714,0.911621630191803,0.5017885317558033,0.0282379761338233,0.0552260279655456,4.1732002049684525,0.5213663352956099,0.7334212569477662,62.7393796121688,0.9707760289311409,125.0,45.0,80.0,-23.88059701492537,-0.5104886450025695
USA-Military-Channel_0-clip-6,USA-Military-Channel,Military,wild4,0.5762715952380952,0.8747560977935791,0.5359724127329911,0.0427438654005527,0.1412509381771087,9.199740178883076,0.3608757209830747,0.5828860389120633,47.188087994756906,0.9488631337881088,26.0,124.0,-98.0,29.253731343283583,-0.3725915385500136
USA-Military-Channel_1-clip-1,USA-Military-Channel,Military,wild5,0.4418513177083333,0.7668131589889526,0.3843995245910707,0.0734070539474487,0.2392275184392929,15.631728619337082,0.5703195420240997,0.8608611823864816,71.55903622052907,0.9137942343950272,150.0,231.0,-81.0,24.17910447761194,-0.47194291668669386
USA-Military-Channel_10-clip-2,USA-Military-Channel,Military,wild4,0.5335966934523809,0.9156309962272644,0.5403570266479516,0.0354596339166164,0.08661578595638268,6.10377099364996,0.5094822399623613,0.7165681743294686,61.3025207145915,0.9773506745696068,55.0,29.0,26.0,-7.761194029850746,-0.44375398111722586
USA-Military-Channel_11-clip-2,USA-Military-Channel,Military,wild4,0.39938468452380954,0.8086327314376831,0.3463752183521347,0.0736193880438804,0.2684812545776367,17.10503213107586,0.5169444755853488,0.7926212786067092,65.47828770960291,0.9139098227024078,206.0,230.0,-24.0,7.164179104477612,-0.5145251381785982
USA-Military-Channel_12-clip-7,USA-Military-Channel,Military,wild5,0.5460914713541667,0.7863894104957581,0.4995753717461823,0.0691867694258689,0.2205897122621536,14.48882408440113,0.3840539954331308,0.5963322764025465,49.01931359178386,0.847494050860405,47.0,316.0,-269.0,80.29850746268656,-0.3014025795062383
USA-Military-Channel_2-clip-1,USA-Military-Channel,Military,wild5,0.26461396354166666,0.7117448449134827,0.2511423536196024,0.0861468836665153,0.3493594527244568,21.775316819548607,0.6453144588329394,0.8267145111634884,73.60144849982139,0.9207243397831917,313.0,219.0,94.0,-28.059701492537314,-0.656110376241525
USA-Military-Channel_3-clip-1,USA-Military-Channel,Military,wild5,0.22318030468749997,0.7764814496040344,0.2238136540019556,0.0718086585402488,0.1921009570360183,13.195480778813362,0.6991955707772752,0.942254217600496,82.07248941888857,0.9519818797707558,328.0,114.0,214.0,-63.88059701492538,-0.7288015750832558
USA-Military-Channel_6-manual,USA-Military-Channel,Military,wild5,0.44514810156249995,0.8341416120529175,0.4422559366571609,0.0475574806332588,0.1740692108869552,11.081334576010704,0.4627267620131849,0.6545773309483643,55.86520464807746,0.9896506667137146,146.0,6.0,140.0,-41.7910447761194,-0.5445025651512146
USA-Military-Channel_7-clip-0,USA-Military-Channel,Military,wild5,0.5538153046875,0.7584397196769714,0.4245165660096443,0.0724496841430664,0.191962257027626,13.220597058534622,0.4557684238061654,0.7884431755332211,62.21057996696933,0.9479419216513633,43.0,133.0,-90.0,26.865671641791046,-0.3941266169638633
USA-Military-Channel_9-manual,USA-Military-Channel,Military,wild5,0.5264311309523809,0.7834517955780029,0.4410729095603226,0.0850047320127487,0.2825196981430053,18.376221507787704,0.47680131745511706,0.7288375584937775,60.28194379744474,0.8749774172902107,67.0,301.0,-234.0,69.85074626865672,-0.3485462863378298
Ultimate-Chase_0-clip-0,Ultimate-Chase,Action & Vehicle,wild5,0.4323821309523809,0.8101786375045776,0.2804961915494033,0.078901432454586,0.1337393820285797,10.632040724158289,0.5906664998989638,0.8566806677888658,72.36735838439148,0.9306020066142082,165.0,189.0,-24.0,7.164179104477612,-0.4982198756618273
Ultimate-Chase_10-clip-2,Ultimate-Chase,Action & Vehicle,wild5,0.30263597656249996,0.7482659220695496,0.2221160650989921,0.0665879920125007,0.2085572332143783,13.757261261343956,0.6057455799531879,0.9329756126073528,76.93605962802704,0.870558850467205,293.0,302.0,-9.0,2.6865671641791042,-0.5679228739047051
Ultimate-Chase_3-clip-4,Ultimate-Chase,Action & Vehicle,wild4,0.34421357440476186,0.7943347096443176,0.3504243027640276,0.0403455905616283,0.1900611370801925,11.520336382091044,0.5666722558000175,0.7466439035746857,65.66580796873515,0.951696865260601,256.0,116.0,140.0,-41.7910447761194,-0.6074832908558392
Ultimate-Chase_5-clip-0,Ultimate-Chase,Action & Vehicle,wild5,0.5129487473958333,0.7865435481071472,0.473894951325608,0.1010142266750335,0.2122938930988311,15.665405988693236,0.427956862749567,0.7072051664607767,56.75810146051718,0.9005394503474236,78.0,263.0,-185.0,55.223880597014926,-0.38759070295159026
Ultimate-Chase_8-clip-0,Ultimate-Chase,Action & Vehicle,wild4,0.47619775,0.7777573466300964,0.35780838380630325,0.0585983358323574,0.1736045628786087,11.610144935548306,0.5508503241090625,0.8042591605108486,67.75547423099556,0.9569820538163185,112.0,103.0,9.0,-2.6865671641791042,-0.48078430381631854
Ultimate-Chase_9-clip-0,Ultimate-Chase,Action & Vehicle,wild4,0.538979261904762,0.871052622795105,0.462832146240193,0.0371663756668567,0.1271434873342514,8.215493150055408,0.4779031582389527,0.771166603488768,62.45348808638602,0.9773400276899338,51.0,30.0,21.0,-6.26865671641791,-0.4383607657851718
Virtual-Running-Videos_0-manual,Virtual-Running-Videos,Nature & Scenery,wild5,0.40568068749999997,0.9002628326416016,0.3339084224974889,0.0400535948574543,0.0953859686851501,6.771978177130222,0.6672884450833861,0.8895784743331734,77.84334597082798,0.9425771310925484,196.0,156.0,40.0,-11.940298507462686,-0.5368964435925484
Virtual-Running-Videos_1-clip-0,Virtual-Running-Videos,Nature & Scenery,wild5,0.4411174427083333,0.8467503190040588,0.3211609474161843,0.0649016126990318,0.1559663414955139,11.043397709727287,0.6354292461336665,0.927850623212412,78.16399346730392,0.9479973316192627,153.0,132.0,21.0,-6.26865671641791,-0.5068798889109294
Virtual-Running-Videos_10-clip-25,Virtual-Running-Videos,Nature & Scenery,wild5,0.3629997239583333,0.9073905348777772,0.4137462024264566,0.0675935447216034,0.1557767391204834,11.16851419210434,0.5899102494255734,0.8121092266436445,70.1009738034609,0.9616463631391525,236.0,84.0,152.0,-45.37313432835821,-0.5986466391808192
Virtual-Running-Videos_4-clip-16,Virtual-Running-Videos,Nature & Scenery,wild5,0.385955328125,0.9282656908035278,0.4041192886561212,0.0317186526954174,0.0727714896202087,5.224507115781307,0.6011229619039542,0.8398292615153153,72.04761117096348,0.9650187566876411,217.0,71.0,146.0,-43.582089552238806,-0.5790634285626411
Virtual-Running-Videos_5-clip-20,Virtual-Running-Videos,Nature & Scenery,wild5,0.36021302083333334,0.91448575258255,0.3540714707195631,0.0367773324251174,0.0685371756553649,5.265725404024124,0.6942874667141626,0.8851240163552926,78.97057415347277,0.9514594003558159,240.0,118.0,122.0,-36.417910447761194,-0.5912463795224825
Virtual-Running-Videos_9-clip-1,Virtual-Running-Videos,Nature & Scenery,wild5,0.28287478385416664,0.8827243447303772,0.3171988040572265,0.0372100844979286,0.0799423530697822,5.857621878385544,0.685566202911327,0.9153129919886148,80.0439597449971,0.9787716194987297,304.0,26.0,278.0,-82.98507462686567,-0.6958968356445631
WarLeaks-Military-Blog_10-clip-3,WarLeaks-Military-Blog,Military,wild5,0.3499105,0.7898159623146057,0.4214455081453427,0.0744863003492355,0.2553368508815765,16.491157561540604,0.446301082511375,0.7294331973690594,58.78671399402173,0.9051091372966766,250.0,250.0,0.0,0.0,-0.5551986372966766
WarLeaks-Military-Blog_2-clip-3,WarLeaks-Military-Blog,Military,wild5,0.616473375,0.8245899081230164,0.5007614891296863,0.0533126406371593,0.176863431930542,11.508803628385069,0.3942101625197277,0.7197709157160105,55.69905391178691,0.9509261026978493,11.0,120.0,-109.0,32.537313432835816,-0.3344527276978493
WarLeaks-Military-Blog_4-clip-1,WarLeaks-Military-Blog,Military,wild5,0.22390177604166664,0.6689744591712952,0.2272794255768021,0.1029202863574028,0.319496601819992,21.120844408869743,0.6103191237224395,0.8262104601551119,71.82647919387757,0.8777775317430496,326.0,299.0,27.0,-8.059701492537313,-0.653875755701383
WarLeaks-Military-Blog_5-clip-0,WarLeaks-Military-Blog,Military,wild5,0.4491103046875,0.8312671780586243,0.4366194566329429,0.0661819502711296,0.145373523235321,10.577773675322533,0.5265337575198348,0.8999882999294091,71.3261028724622,0.9309098422527313,142.0,187.0,-45.0,13.432835820895523,-0.4817995375652313
WarLeaks-Military-Blog_8-clip-0,WarLeaks-Military-Blog,Military,wild5,0.38281233854166663,0.8539002537727356,0.4262418195877192,0.0971711948513984,0.1962811946868896,14.672619476914406,0.5555524451907425,0.8062260243514171,68.08892347710798,0.8956192955374718,221.0,274.0,-53.0,15.82089552238806,-0.5128069569958051
WarLeaks-Military-Blog_9-clip-0,WarLeaks-Military-Blog,Military,wild4,0.5044182589285714,0.8812203407287598,0.4883204312271762,0.0552746057510376,0.1907041370868683,12.298937141895294,0.4773236888719838,0.6778393780572355,57.75815334646096,0.8972017168998718,85.0,271.0,-186.0,55.52238805970149,-0.39278345797130043
Weathershot_0-clip-2,Weathershot,Natural Disaster,wild5,0.5684463515625,0.92631858587265,0.5447183662180088,0.0314280726015567,0.0751215815544128,5.327482707798481,0.406767805191811,0.5676856289919229,48.72267170918669,0.9694184884428978,30.0,51.0,-21.0,6.26865671641791,-0.4009721368803978
Weathershot_1-clip-0,Weathershot,Natural Disaster,wild5,0.42542711979166664,0.8137046694755554,0.3519335097004049,0.0807226747274398,0.2075292319059372,14.412595331668854,0.5355284882967027,0.7519448741357337,64.37366812162182,0.9128745496273041,173.0,234.0,-61.0,18.208955223880597,-0.48744742983563744
Weathershot_11-clip-0,Weathershot,Natural Disaster,wild5,0.512681625,0.8430758714675903,0.4838914422348137,0.0691596940159797,0.1834793537855148,12.63195239007473,0.4100320144172766,0.6355541446535904,52.27930795354335,0.9298112690448761,79.0,193.0,-114.0,34.02985074626866,-0.41712964404487607
Weathershot_3-clip-1,Weathershot,Natural Disaster,wild4,0.529558193452381,0.9041666388511658,0.5164515968090083,0.0413763672113418,0.11423322558403008,7.7804796397686,0.4751033443910279,0.6583145054700577,56.67089249305428,0.9648979604244232,60.0,72.0,-12.0,3.582089552238806,-0.43533976697204224
Weathershot_4-clip-1,Weathershot,Natural Disaster,wild5,0.427231046875,0.8398393392562866,0.4502281989229941,0.0702259540557861,0.164051204919815,11.71385794878006,0.4929299719029153,0.7329476942930117,61.29388330979635,0.9133331254124641,171.0,233.0,-62.0,18.507462686567163,-0.4861020785374641
Weathershot_7-clip-0,Weathershot,Natural Disaster,wild4,0.4528282083333333,0.8164767622947693,0.3880890299408489,0.0433797463774681,0.1370990872383117,9.023941680788994,0.5631542023112638,0.8935198075367203,72.83370049239922,0.961517907679081,132.0,86.0,46.0,-13.73134328358209,-0.5086896993457477
Welker-Farms-Inc_0-clip-3,Welker-Farms-Inc,Farming,wild5,0.3974482797619047,0.7792072892189026,0.3413814961603025,0.09657856822013848,0.2776727676391601,18.71256679296493,0.5526303257472003,0.8253782328302393,68.90042792887198,0.9419679492712021,209.0,157.0,52.0,-15.522388059701491,-0.5445196695092973
Welker-Farms-Inc_1-clip-13,Welker-Farms-Inc,Farming,wild5,0.2525639613095238,0.7855833172798157,0.1950498466143809,0.0688416361808776,0.1256250888109207,9.72333624958992,0.7073650409428464,0.9458530527973874,82.66090468701168,0.9565859511494637,319.0,105.0,214.0,-63.88059701492538,-0.7040219898399398
Welker-Farms-Inc_10-clip-6,Welker-Farms-Inc,Farming,wild5,0.31929458854166665,0.777285099029541,0.4885924940230544,0.0825069621205329,0.2276518791913986,15.50794206559658,0.4010315547863464,0.5680732216172373,48.45523882017918,0.8936342522501945,280.0,276.0,4.0,-1.1940298507462688,-0.5743396637085278
Welker-Farms-Inc_11-manual,Welker-Farms-Inc,Farming,wild5,0.38345063281249997,0.8327588438987732,0.3685761584606824,0.0902683809399604,0.1672208607196808,12.874462082982063,0.714606947623884,0.8838561894641223,79.92315685440032,0.8697313368320465,220.0,303.0,-83.0,24.776119402985074,-0.48628070401954654
Welker-Farms-Inc_12-clip-3,Welker-Farms-Inc,Farming,wild5,0.34587050595238095,0.8372597098350525,0.2630593935967741,0.0592399649322032,0.1091393083333969,8.41896366328001,0.6006005895523564,0.9333303516612312,76.69654706067938,0.9066364765167236,254.0,249.0,5.0,-1.4925373134328357,-0.5607659705643426
Welker-Farms-Inc_2-clip-16,Welker-Farms-Inc,Farming,wild5,0.33396522395833333,0.8200672268867493,0.2612158643126213,0.0706420242786407,0.2532681226730346,16.19550734758377,0.6939967714615226,0.9444109011473198,81.92038363044212,0.9688474908471107,266.0,55.0,211.0,-62.98507462686567,-0.6348822668887775
Welker-Farms-Inc_3-clip-4,Welker-Farms-Inc,Farming,wild4,0.4633738125,0.7511035799980164,0.49083501155880543,0.164226621389389,0.287753164768219,22.5989893078804,0.3953635527946801,0.6030565480956757,49.92100504451778,0.8065967410802841,121.0,328.0,-207.0,61.791044776119406,-0.34322292858028414
Welker-Farms-Inc_4-manual,Welker-Farms-Inc,Farming,wild5,0.29694012239583334,0.7961782813072205,0.4084550231559536,0.0768664851784706,0.1830981522798538,12.998231872916222,0.5687809428540143,0.7480956950728321,65.84383189634232,0.968627355992794,295.0,57.0,238.0,-71.04477611940298,-0.6716872335969607
Welker-Farms-Inc_8-clip-5,Welker-Farms-Inc,Farming,wild5,0.23604272135416665,0.7090870141983032,0.2049959767892402,0.118426077067852,0.3398890495300293,22.915756329894062,0.584573476065884,0.8774567894460792,73.10151327559815,0.8341766074299812,325.0,318.0,7.0,-2.0895522388059704,-0.5981338860758145
Welker-Farms-Inc_9-clip-7,Welker-Farms-Inc,Farming,wild5,0.26823157291666666,0.7794801592826843,0.2828565472717962,0.0920469760894775,0.1869902908802032,13.95186334848404,0.636868511345413,0.8854380037194917,76.11532575324523,0.8648303896188736,312.0,309.0,3.0,-0.8955223880597015,-0.5965988167022069
